tree
version=v4
num_class=1
num_tree_per_iteration=1
label_index=0
max_feature_idx=4
objective=regression
feature_names=Mw ev_depth_km log_epi_dist log_vs30 fm_encoded
monotone_constraints=1 -1 -1 -1 0
feature_infos=[3.5:7.5999999999999996] [0.218:29] [0.17609125905568124:2.3492775274679554] [1.9542425094393248:3.4661258704181992] [0:2]
tree_sizes=2626 2410 2251 2899 2933 2271 3666 2027 1857 2583 2392 2221 2579 2657 2067 2581 2514 2137 1737 1840 1994 1925 2000 1578 1754 1578 1900 1830 1303 1498 1578 1314 1591 1591 1491 1224 1238 1497 1329 1062 1071 1238 1061 1153 1245 1154 1763 1319 888 1346 531 532 339 1157 532 625 533 443 533 341 625 715 716 1079 721 534 533 531 341 535 442 445 445 445 444 445 444 442 444 443 445 443 443 445 444 444 445 440 445 445 445 445 443 445 445 443 444 445 445 443 445 446 445 444 445 446 444 442 445 445 446 446 445 446 446 445 446 347 446 347 424 347 423 347 414 337 414 336 337 414 414 337 414 415 414 337 337 415 337 336 336 415 337 337 337 414 414 415 415 393 392 392 392 393 393 393 393 393 391 391 391 391 393

Tree=0
num_leaves=30
num_cat=0
split_feature=0 0 0 0 0 1 1 4 4 1 0 0 4 3 0 3 3 4 0 4 0 3 0 1 3 0 1 4 3
split_gain=1164.96 167.744 149.675 37.2072 32.9687 30.9571 26.6599 23.7374 12.87 12.08 10.4858 9.80686 6.77832 5.94208 4.5724 4.53632 3.83468 3.20602 3.15325 1.96232 1.88118 1.2538 1.09185 0.595469 0.566264 0.551929 0.587523 0.463199 0.106949
threshold=5.1300000000000008 4.5500000000000007 6.7500000000000009 5.3500000000000005 3.6500000000000008 8.2900000000000009 15.765000000000002 1.5000000000000002 1.5000000000000002 7.4670000000000014 6.2500000000000009 4.3500000000000005 1.5000000000000002 2.8639169705894241 4.7350000000000003 2.4377389930497086 2.6556183184121074 1.5000000000000002 6.5000000000000009 1.0000000180025095e-35 4.0500000000000007 2.472024080188076 4.9500000000000011 8.0850000000000026 2.7250937509479192 4.8500000000000005 9.0500000000000025 1.5000000000000002 2.6556183184121074
decision_type=2 2 2 2 2 2 2 2 2 2 2 2 2 2 2 2 2 2 2 2 2 2 2 2 2 2 2 2 2
left_child=1 4 3 12 -1 17 8 9 14 -5 15 16 -2 18 -3 -9 -7 -6 19 23 27 -4 -8 -11 -23 -10 -27 -18 -25
right_child=2 6 21 7 5 11 22 10 25 13 -12 -13 -14 -15 -16 -17 20 -19 -20 -21 -22 24 -24 28 -26 26 -28 -29 -30
leaf_value=0.43828729434058922 0.70550356349185894 0.63249079079968284 0.9136860784642713 0.8127215911049579 0.58951206044190407 0.54051674008968553 0.58951206044190407 0.76102558690457434 0.62342962576120198 0.77563774686277442 0.80241974028298446 0.55886090887796835 0.66916533804949818 0.71963143352616421 0.66916533804949818 0.71963143352616421 0.49806644726833393 0.56789946672770741 0.78788213584468847 0.74747362547100082 0.52408242988635378 0.88210431442646509 0.60561451735654759 0.77019805635965932 0.85267418282992624 0.63988995181837582 0.62832943340722158 0.51435931575611904 0.76303334648166266
leaf_weight=108 256 171 53 112 226 88 107 47 54 175 56 148 93 65 236 452 193 256 59 220 576 216 164 61 47 213 68 106 413
leaf_count=108 256 171 53 112 226 88 107 47 54 175 56 148 93 65 236 452 193 256 59 220 576 216 164 61 47 213 68 106 413
internal_value=0.662056 0.577062 0.761269 0.742028 0.540423 0.547386 0.638601 0.753945 0.657347 0.770137 0.721668 0.529841 0.685318 0.763043 0.669165 0.719631 0.522173 0.587881 0.767076 0.763393 0.517389 0.883415 0.589512 0.768751 0.877054 0.627819 0.633229 0.504636 0.764758
internal_weight=5039 2714 2325 2009 1701 1593 1013 1660 742 1105 555 1111 349 993 407 499 963 482 928 869 875 316 271 649 263 335 281 299 474
internal_count=5039 2714 2325 2009 1701 1593 1013 1660 742 1105 555 1111 349 993 407 499 963 482 928 869 875 316 271 649 263 335 281 299 474
is_linear=0
shrinkage=1


Tree=1
num_leaves=27
num_cat=0
split_feature=2 0 2 0 2 2 0 0 0 0 2 2 0 2 2 2 0 1 2 2 2 2 0 0 0 2
split_gain=1261.94 680.268 196.613 193.714 169.787 51.1205 45.6416 41.8689 40.1682 29.2122 19.321 15.8831 10.8991 9.21799 7.91045 7.60749 3.37317 2.79981 1.4225 1.22418 0.836882 0.568543 0.540263 0.384111 0.341274 0.0822722
threshold=1.6985352749797047 5.2500000000000009 1.3042737134335565 5.1300000000000008 2.0415900020649889 2.1749314965017508 4.6100000000000003 4.7350000000000003 4.6100000000000003 6.2500000000000009 1.8759288887979055 2.1876616797774413 5.6500000000000012 1.0700339345261438 1.131936338432612 2.223106361498195 3.9500000000000006 9.9950000000000028 2.267054319781094 2.1157768443066778 1.0273448214749903 1.9347508013486114 4.1500000000000012 5.2500000000000009 5.3500000000000005 1.131936338432612
decision_type=2 2 2 2 2 2 2 2 2 2 2 2 2 2 2 2 2 2 2 2 2 2 2 2 2 2
left_child=2 4 7 -4 8 -3 11 13 10 -7 16 19 14 17 20 -8 -2 -1 -13 -6 -9 22 -12 -5 -16 -14
right_child=1 5 3 23 6 9 15 12 -10 -11 21 18 25 -15 24 -17 -18 -19 -20 -21 -22 -23 -24 -25 -26 -27
leaf_value=0.19734239082808089 -0.13364802935511441 0.021883437638739938 0.021883437638739938 0.083774372530312682 -0.21758207421111811 -0.067088688514988143 -0.16518851982972657 0.26513737019658223 -0.067088688514988143 -0.016403655950356779 -0.1560468746044919 -0.29114732480213279 0.32079634547064656 0.13949318630625168 0.19734239082808089 -0.21694675670257585 -0.10210753888050225 0.16512811076464748 -0.33297295523177628 -0.24888912209263978 0.23156692172658247 -0.16518851982972657 -0.13364802935511441 0.13949318630625168 0.22097515005084889 0.28532196960699802
leaf_weight=81 63 1037 672 56 126 209 213 101 408 111 60 113 45 159 80 84 212 60 74 118 55 191 52 561 52 46
leaf_count=81 63 1037 672 56 126 209 213 101 408 111 60 113 45 159 80 84 212 60 74 118 55 191 52 561 52 46
internal_value=0.000445501 -0.0760657 0.119833 0.0759904 -0.156061 0.0218834 -0.226017 0.202996 -0.10436 -0.0546907 -0.137126 -0.265789 0.245254 0.149431 0.226479 -0.168104 -0.102108 0.190763 -0.308172 -0.232991 0.256353 -0.165189 -0.146905 0.139493 0.197342 0.303796
internal_weight=5039 3071 1968 1289 1714 1357 728 679 986 320 578 431 379 300 288 297 275 141 187 244 156 303 112 617 132 91
internal_count=5039 3071 1968 1289 1714 1357 728 679 986 320 578 431 379 300 288 297 275 141 187 244 156 303 112 617 132 91
is_linear=0
shrinkage=0.190993


Tree=2
num_leaves=25
num_cat=0
split_feature=2 0 0 2 2 2 0 0 0 0 2 0 2 2 2 0 2 2 0 0 0 2 2 2
split_gain=824.112 443.642 166.39 98.8459 78.4454 70.0503 49.7453 46.3058 20.9176 20.8316 13.0734 10.8014 8.7219 7.94915 4.68486 3.67417 3.61925 1.91707 1.28144 1.00585 0.455308 0.410152 0.323871 0.170502
threshold=1.7615518257881304 5.3500000000000005 4.7350000000000003 2.1157768443066778 1.3512152682227627 1.3811141421432374 5.7500000000000009 4.5500000000000007 5.5500000000000007 4.6100000000000003 1.9347508013486114 5.6500000000000012 1.131936338432612 1.9738202631100674 2.223106361498195 3.9500000000000006 2.2343907039457385 2.0376256242644835 6.2500000000000009 5.2500000000000009 4.2500000000000009 1.1861060758270312 1.0273448214749903 2.1876616797774413
decision_type=2 2 2 2 2 2 2 2 2 2 2 2 2 2 2 2 2 2 2 2 2 2 2 2
left_child=2 3 4 7 -1 11 -7 10 13 14 15 12 22 -3 23 -2 -11 -9 -8 -14 -16 -13 -4 -5
right_child=1 8 5 9 -6 6 18 17 -10 16 -12 21 19 -15 20 -17 -18 -19 -20 -21 -22 -23 -24 -25
leaf_value=0.077330948536576016 -0.12553680579029922 -0.021071488913856254 0.20840511916315319 -0.20146562833134998 0.010649226682704158 0.077330948536576016 0.12517082745730243 -0.060263273105037596 0.010649226682704158 -0.14819326283740772 -0.14819326283740772 0.25924884088468225 0.14457954870594941 -0.060263273105037596 -0.27267715990460212 -0.096920219773487332 -0.19114292113776993 -0.090557561165489561 0.14457954870594941 0.16739225511589134 -0.2405851609951776 0.22565816785905513 0.18756350726027024 -0.22430508334365909
leaf_weight=341 68 96 101 118 539 506 263 400 928 157 316 55 117 142 73 231 81 94 104 84 64 56 55 50
leaf_count=341 68 96 101 118 539 506 263 400 928 157 316 55 117 142 73 231 81 94 104 84 64 56 55 50
internal_value=0.00143493 -0.0671337 0.0884321 -0.131176 0.0238881 0.130774 0.0987574 -0.098442 0.0106492 -0.197945 -0.133577 0.190402 0.173897 -0.0527922 -0.231113 -0.10288 -0.155216 -0.0602633 0.14458 0.147128 -0.258207 0.242914 0.208061 -0.208626
internal_weight=5039 2818 2221 1652 880 1341 873 1109 1166 543 615 468 357 238 305 299 238 494 367 201 137 111 156 168
internal_count=5039 2818 2221 1652 880 1341 873 1109 1166 543 615 468 357 238 305 299 238 494 367 201 137 111 156 168
is_linear=0
shrinkage=0.190993


Tree=3
num_leaves=32
num_cat=0
split_feature=0 0 0 4 0 1 0 1 1 0 0 0 3 4 1 3 1 4 1 3 0 0 4 3 4 4 0 3 3 4 0
split_gain=389.483 115.654 37.2397 19.7452 19.4236 11.4339 10.6463 9.06055 7.67071 6.2297 5.57591 3.94443 3.58494 2.64348 1.9974 1.95991 1.83314 1.30965 1.13552 0.987713 0.732671 0.722098 0.973779 0.716021 0.713238 0.693985 0.666708 0.598608 0.396166 0.433514 0.0153444
threshold=5.0500000000000007 6.2500000000000009 4.5500000000000007 1.5000000000000002 3.6500000000000008 6.9000000000000012 5.3500000000000005 8.2900000000000009 15.765000000000002 6.7500000000000009 5.5500000000000007 4.3500000000000005 2.6556183184121074 1.5000000000000002 9.4000000000000021 2.6556183184121074 8.2900000000000009 1.5000000000000002 9.6745000000000001 2.8954169221751451 4.8500000000000005 4.9500000000000011 1.0000000180025095e-35 2.752815753356173 1.5000000000000002 1.0000000180025095e-35 4.0500000000000007 2.7697463104316205 2.472024080188076 1.5000000000000002 4.2500000000000009
decision_type=2 2 2 2 2 2 2 2 2 2 2 2 2 2 2 2 2 2 2 2 2 2 2 2 2 2 2 2 2 2 2
left_child=2 3 4 5 -1 -2 18 17 13 27 -5 15 -12 -4 -14 -9 -8 -6 -7 24 -15 -10 -23 25 26 -18 -17 -3 -11 -30 -28
right_child=1 9 8 10 7 6 16 11 21 28 12 -13 14 20 -16 19 23 -19 -20 -21 -22 22 -24 -25 -26 -27 30 -29 29 -31 -32
leaf_value=-0.14604346258131748 0.088679866880208277 0.11680168753545571 0.0013189622732705515 0.0013189622732705515 -0.042634848804494765 0.021275720859784283 0.064665618104618489 -0.067233045804392155 -0.042634848804494765 0.17484074433256075 0.075776246140852446 -0.057266709986673797 0.039296548956861896 -0.023313948469760648 0.015286725424472897 -0.091786481119103411 0.055260510883996299 -0.056704238460226132 0.0013189622732705515 -0.10420746506934761 -0.011156929717159146 -0.036211373748448107 -0.023313948469760648 0.034636409853548267 -0.074169262522883028 0.04197256662431699 -0.080677615513404258 0.088679866880208277 0.14252763666267598 0.16104774110523196 -0.076425963540729558
leaf_weight=108 134 91 250 358 226 305 342 88 107 53 50 148 135 54 113 179 306 256 81 55 217 91 73 50 116 219 307 46 118 145 218
leaf_count=108 134 91 250 358 226 305 342 88 107 53 50 148 135 54 113 179 306 256 81 55 217 91 73 50 116 219 307 46 118 145 218
internal_value=0.0018775 0.0544184 -0.0517805 0.0354701 -0.0677072 0.0480021 0.0423492 -0.0623715 -0.0175625 0.14189 0.00800924 -0.0718986 0.0292545 -0.00399305 0.0198001 -0.0771994 0.0535482 -0.0426348 0.0157246 -0.0811055 -0.0189218 -0.0426348 -0.0297879 0.0469075 -0.0793655 0.0493087 -0.0825705 0.107407 0.156731 0.152899 -0.0789539
internal_weight=5039 2546 2493 2093 1701 1437 1303 1593 792 453 656 1111 298 521 248 963 917 482 386 875 271 271 164 575 820 525 704 137 316 263 525
internal_count=5039 2546 2493 2093 1701 1437 1303 1593 792 453 656 1111 298 521 248 963 917 482 386 875 271 271 164 575 820 525 704 137 316 263 525
is_linear=0
shrinkage=0.190993


Tree=4
num_leaves=33
num_cat=0
split_feature=2 0 2 2 0 0 0 2 2 2 0 2 2 0 2 0 0 0 2 0 2 2 0 0 2 2 2 2 0 0 0 0
split_gain=535.473 267.034 113.214 66.8752 59.0362 24.1582 23.3954 22.0853 9.75606 9.37387 8.63803 7.78392 7.56357 4.76478 4.307 3.72846 3.40685 1.61533 1.53677 1.50366 0.984295 0.949108 0.720113 0.712458 0.39256 0.308309 0.305945 0.297583 0.222954 0.125428 0.0561789 0.051216
threshold=1.6196146928002504 5.5500000000000007 2.0279608120575121 1.2512501099741784 5.2500000000000009 4.7350000000000003 4.9500000000000011 2.1513697421003992 2.1876616797774413 1.8759288887979055 6.2500000000000009 1.0549916474099466 1.4207798376797947 5.3500000000000005 2.1582116430159277 3.7500000000000004 4.4300000000000006 4.2500000000000009 2.2628069068167647 4.8500000000000005 1.954483650209194 0.80954666531337149 4.4300000000000006 4.3500000000000005 2.1157768443066778 1.1598652471651125 2.2064210442557317 2.073168223507416 4.0500000000000007 4.3500000000000005 4.4800000000000013 5.2500000000000009
decision_type=2 2 2 2 2 2 2 2 2 2 2 2 2 2 2 2 2 2 2 2 2 2 2 2 2 2 2 2 2 2 2 2
left_child=3 2 5 11 12 9 8 -3 17 15 -9 19 16 22 -8 -2 -5 27 29 21 -7 -1 -13 -20 -19 -24 -16 -4 -11 -10 -30 -21
right_child=1 7 6 4 -6 20 14 10 18 28 -12 13 -14 -15 26 -17 -18 24 23 31 -22 -23 25 -25 -26 -27 -28 -29 30 -31 -32 -33
leaf_value=0.16685187038112001 -0.068802724250297223 0.025440180320056644 -0.13377891873891198 0.042093760630462378 0.10357418122600223 -0.026502147241230744 -0.087938564950487685 -0.026502147241230744 -0.17596399912394051 -0.087938564950487685 -0.00053098346058705055 0.10357418122600223 0.025440180320056644 0.14451243407238459 -0.10421839146730892 -0.047601103052636241 0.064507180773029429 -0.12049992045320655 -0.21602798801687687 0.17152967806260003 -0.047601103052636241 0.14451243407238459 0.12442406903386014 -0.18371801599648616 -0.13377891873891198 0.1119688663310686 -0.12049992045320655 -0.1546722184375704 -0.08105627679973898 -0.1575149514080714 -0.072002494491327201 0.18939921929432238
leaf_weight=45 50 824 55 120 423 516 150 159 77 112 126 99 370 94 57 375 129 93 61 63 138 98 46 48 100 58 93 98 150 69 66 77
leaf_count=45 50 824 55 120 423 516 150 159 77 112 126 99 370 94 57 375 129 93 61 63 138 98 46 48 100 58 93 98 150 69 66 77
internal_value=0.00170895 -0.0411868 -0.0784445 0.0920672 0.0631052 -0.0445795 -0.131298 0.0254402 -0.153061 -0.0687001 -0.0265021 0.144043 0.0254402 0.122165 -0.0879386 -0.0496669 0.0587473 -0.131914 -0.181578 0.16686 -0.0265021 0.151987 0.104336 -0.199872 -0.1205 0.120364 -0.120498 -0.147058 -0.0879386 -0.167564 -0.0783868 0.181717
internal_weight=5039 3417 2308 1622 1042 1407 901 1109 601 753 285 580 619 297 300 425 249 346 255 283 654 143 203 109 193 104 150 153 328 146 216 140
internal_count=5039 3417 2308 1622 1042 1407 901 1109 601 753 285 580 619 297 300 425 249 346 255 283 654 143 203 109 193 104 150 153 328 146 216 140
is_linear=0
shrinkage=0.190993


Tree=5
num_leaves=25
num_cat=0
split_feature=2 0 2 0 2 0 2 0 0 1 0 2 2 2 2 0 0 0 2 0 0 0 0 2
split_gain=355.706 133.558 97.8578 99.9948 35.9071 19.4325 12.1221 8.2196 6.75619 3.94621 3.02118 12.0829 2.91269 2.05603 1.96448 0.995412 0.630253 0.627234 0.603779 0.491426 0.377309 0.320197 0.315 0.224966
threshold=1.859438431745839 5.8500000000000005 1.3664219529584594 5.2500000000000009 2.1373539960131342 4.5500000000000007 1.1598652471651125 5.1800000000000006 4.9500000000000011 9.9950000000000028 6.2500000000000009 2.067628676969111 1.9422560795951973 2.223106361498195 0.97999741916420813 4.9500000000000011 4.3500000000000005 4.9500000000000011 2.2384224777783612 4.6100000000000003 5.1800000000000006 4.0500000000000007 4.7350000000000003 2.267054319781094
decision_type=2 2 2 2 2 2 2 2 2 2 2 2 2 2 2 2 2 2 2 2 2 2 2 2
left_child=2 4 6 -4 5 12 9 22 13 14 11 -3 21 19 -1 -7 23 -11 -10 -6 -16 -2 -8 -15
right_child=1 10 3 -5 8 15 7 -9 18 17 -12 -13 -14 16 20 -17 -18 -19 -20 -21 -22 -23 -24 -25
leaf_value=0.15917437017159902 -0.080189566493542988 -0.013510368953227827 -0.00073628365391774364 0.065513809134554568 -0.13239642977769639 -0.058942639923023413 0.065513809134554568 0.10449452636522331 -0.093670316848645505 0.10449452636522331 -0.00073628365391774364 -0.042293045835546321 -0.093670316848645505 -0.15166002884406235 0.12281451346722595 -0.042293045835546321 -0.13885405550510621 0.12281451346722595 -0.11352198229227949 -0.1163991366915846 0.14119297225088626 -0.066317506762621159 0.084574302178993699 -0.17526696397018615
leaf_weight=127 63 232 1044 824 124 170 170 156 114 85 297 236 350 48 95 372 77 56 62 54 57 94 75 57
leaf_count=127 63 232 1044 824 124 170 170 156 114 85 297 236 350 48 95 372 77 56 62 54 57 94 75 57
internal_value=0.00268491 -0.0515935 0.0501209 0.0259587 -0.0838498 -0.0632716 0.105069 0.0812073 -0.124069 0.127782 -0.000736284 -0.0262845 -0.090342 -0.139128 0.141135 -0.042293 -0.15379 0.104495 -0.0936703 -0.123918 0.125796 -0.0667088 0.0655138 -0.164466
internal_weight=5039 2350 2689 1868 1585 1049 821 401 536 420 765 468 507 360 279 542 182 141 176 178 152 157 245 105
internal_count=5039 2350 2689 1868 1585 1049 821 401 536 420 765 468 507 360 279 542 182 141 176 178 152 157 245 105
is_linear=0
shrinkage=0.190993


Tree=6
num_leaves=41
num_cat=0
split_feature=2 2 2 3 2 3 4 2 2 1 2 4 4 1 3 1 1 2 1 4 1 1 2 2 2 2 1 4 2 4 1 2 1 1 2 4 2 2 4 4
split_gain=225.143 77.3218 23.571 19.8821 12.2842 10.1217 7.11242 5.72612 5.71575 2.75721 2.44519 2.20563 1.89017 1.76178 1.64015 1.55123 1.52461 1.3225 1.3176 1.30525 1.40396 1.20002 0.780703 0.684547 0.636328 0.52859 0.480761 0.314764 0.266819 0.249015 0.616508 0.224049 0.199887 0.182115 0.141399 0.129894 0.120244 0.0992485 0.0910833 0.0392287
threshold=1.5927314122081622 2.0159880549507405 1.1861060758270312 2.6556183184121074 2.1472123894110733 2.6556183184121074 1.0000000180025095e-35 1.4778438751567531 1.8564266673125918 8.6700000000000017 2.228015156105708 1.0000000180025095e-35 1.0000000180025095e-35 8.7500000000000018 2.6556183184121074 17.607000000000003 9.5350000000000019 0.97999741916420813 11.071300000000003 1.0000000180025095e-35 8.9000000000000021 8.6900000000000013 1.9738202631100674 1.3988068650765382 0.95664195088020931 1.7524324395038551 9.5850000000000026 1.5000000000000002 1.8907003078953017 1.0000000180025095e-35 11.786300000000002 2.0847549264355236 10.250000000000002 8.1900000000000013 1.3414333978311623 1.0000000180025095e-35 1.0881324710570734 1.0700339345261438 1.0000000180025095e-35 1.0000000180025095e-35
decision_type=2 2 2 2 2 2 2 2 2 2 2 2 2 2 2 2 2 2 2 2 2 2 2 2 2 2 2 2 2 2 2 2 2 2 2 2 2 2 2 2
left_child=2 5 9 -3 11 -2 10 13 15 17 26 16 28 23 -9 25 31 -1 27 20 -16 -12 -14 -4 32 -7 -6 -8 -10 34 -31 -5 -11 39 -15 37 -19 -26 -25 -27
right_child=1 3 7 4 6 8 18 14 12 24 21 -13 22 29 19 -17 -18 36 -20 -21 -22 -23 -24 38 35 33 -28 -29 -30 30 -32 -33 -34 -35 -36 -37 -38 -39 -40 -41
leaf_value=0.13535654483368531 0.020402145168966195 -0.02820054550692204 0.074188615838562774 -0.047774629592188006 -0.079771299451045954 0.0072803654179607836 -0.066269618184255058 0.044780069938289396 -0.015135631373595294 0.10131556408934501 -0.10866682221083054 -0.047774629592188006 -0.0071588631979289689 0.05288178388819801 0.034288260123806064 -0.0071588631979289689 -0.066269618184255058 0.11225263109377476 -0.091702530259568052 0.020402145168966195 0.020402145168966195 -0.14296163565547437 -0.022729833962405507 0.066764844211042743 0.088772058467134374 0.0036949539067179342 -0.10490776801865433 -0.07458300506426345 -0.02820054550692204 0.059341072583522704 0.044780069938289396 -0.057022123888221525 0.088772058467134374 5.4457354394133652e-05 0.044780069938289396 0.074188615838562774 0.10131556408934501 0.075729771920598057 0.059341072583522704 0.001874705630556034
leaf_weight=84 332 208 214 88 78 465 115 67 66 51 56 359 321 87 105 117 90 65 81 148 74 80 139 60 47 83 52 220 228 91 53 46 47 246 99 68 63 45 55 46
leaf_count=84 332 208 214 88 78 465 115 67 66 51 56 359 321 87 105 117 90 65 81 148 74 80 139 60 47 83 52 220 228 91 53 46 47 246 99 68 63 45 55 46
internal_value=0.00302044 -0.0235502 0.0643545 -0.056902 -0.0673487 0.000500909 -0.0847646 0.048458 -0.00584141 0.0999192 -0.109201 -0.0477746 -0.0182748 0.0593512 0.0302089 0.00395705 -0.0662696 0.116209 -0.0690763 0.0237965 0.0342883 -0.127304 -0.0105445 0.0692878 0.0864223 0.00726778 -0.0900301 -0.0662696 -0.0282005 0.0493944 0.0555317 -0.0477746 0.0989621 0.000109542 0.0447801 0.078582 0.103375 0.0842682 0.0593411 0.00369495
internal_weight=5039 3516 1523 1473 1265 2043 682 1053 1711 470 266 583 754 659 394 957 224 212 416 327 179 136 460 329 258 840 130 335 294 330 144 134 98 375 186 160 128 92 115 129
internal_count=5039 3516 1523 1473 1265 2043 682 1053 1711 470 266 583 754 659 394 957 224 212 416 327 179 136 460 329 258 840 130 335 294 330 144 134 98 375 186 160 128 92 115 129
is_linear=0
shrinkage=0.190993


Tree=7
num_leaves=22
num_cat=0
split_feature=0 2 0 2 2 2 0 0 2 2 0 0 2 2 1 2 2 0 0 0 0
split_gain=145.967 179.153 68.0457 29.9749 20.1056 18.2802 14.7742 6.35409 4.40912 4.22255 3.39781 2.79128 1.81679 1.274 0.655223 0.635935 0.615266 0.508918 0.27433 0.251128 0.0515835
threshold=6.2500000000000009 1.5605040043425844 4.9500000000000011 2.0638959976775069 1.9422560795951973 2.0911391181464776 4.2500000000000009 3.7500000000000004 2.1876616797774413 1.2161638961308021 5.2500000000000009 3.7500000000000004 2.0521165078467152 2.2180099634171211 8.6900000000000013 1.8379038300715689 2.2628069068167647 6.7500000000000009 4.6100000000000003 4.3500000000000005 4.3500000000000005
decision_type=2 2 2 2 2 2 2 2 2 2 2 2 2 2 2 2 2 2 2 2 2
left_child=1 6 4 10 7 15 9 -3 11 -1 14 -6 -13 -7 -4 -2 20 -17 -14 -18 -10
right_child=5 2 3 -5 8 13 -8 -9 16 -11 -12 12 18 -15 -16 17 19 -19 -20 -21 -22
leaf_value=0.029873469824362141 0.14467647858829247 -0.058652563904169612 -0.0012214443581986805 -0.032202871790049652 -0.086107921149678565 0.075812505044097173 0.049665792133785878 -0.032202871790049652 -0.097485458706388667 0.0091056981190849751 0.0091056981190849751 -0.058652563904169612 -0.075494718385613738 0.049665792133785878 -0.011548586835482337 0.10815689265414126 -0.12205038759284952 0.13401881661596265 -0.067073641144891671 -0.10260548026426172 -0.086662690982779372
leaf_weight=122 144 73 70 503 53 74 997 671 77 225 869 250 201 86 223 53 61 96 74 48 69
leaf_count=122 144 73 70 503 53 74 997 671 77 225 869 250 201 86 223 53 61 96 74 48 69
internal_value=0.00307831 -0.00714072 -0.0314544 -0.00452333 -0.0598824 0.106472 0.0496658 -0.0370416 -0.0802635 0.0100811 0.0091057 -0.0709556 -0.0648815 0.0544159 -0.0115486 0.13482 -0.10126 0.12504 -0.0754947 -0.112664 -0.0925465
internal_weight=5039 4586 3242 1665 1577 453 1344 744 833 347 1162 578 525 160 293 293 255 149 275 109 146
internal_count=5039 4586 3242 1665 1577 453 1344 744 833 347 1162 578 525 160 293 293 255 149 275 109 146
is_linear=0
shrinkage=0.190993


Tree=8
num_leaves=20
num_cat=0
split_feature=2 0 0 2 0 0 2 2 0 2 4 1 0 2 0 2 0 4 4
split_gain=101.804 65.8973 49.4292 28.7651 12.7866 12.3224 7.74809 6.8195 6.18076 6.48913 4.37027 2.49719 0.707943 0.471898 0.41407 0.375984 0.262973 0.241176 0.0689065
threshold=1.8211857589222367 5.5500000000000007 5.2500000000000009 1.3512152682227627 4.5500000000000007 6.2500000000000009 1.3900505957339562 2.1582116430159277 3.7500000000000004 2.1053398063846536 1.0000000180025095e-35 10.900000000000002 5.8500000000000005 2.223106361498195 4.9500000000000011 1.0881324710570734 5.3500000000000005 1.5000000000000002 1.5000000000000002
decision_type=2 2 2 2 2 2 2 2 2 2 2 2 2 2 2 2 2 2 2
left_child=2 4 3 -1 8 6 12 14 -2 -10 11 16 15 17 -6 -4 -8 -11 -7
right_child=1 -3 5 -5 7 18 10 -9 9 13 -12 -13 -14 -15 -16 -17 -18 -19 -20
leaf_value=0.036187569559873151 -0.108569577907435 0.0031193319812409669 0.078872149344075049 0.0031193319812409669 -0.032183830125659924 0.10976020816492628 0.049836698983153217 -0.047596734547217669 -0.047596734547217669 -0.066781284419303033 0.036187569559873151 0.036187569559873151 0.085765614770698398 -0.083318446633716819 -0.022108362231566914 0.063902413689609028 0.06348582840643327 -0.07771090279939713 0.12326837763282103
leaf_weight=541 101 855 51 983 195 71 59 235 421 135 231 48 92 123 422 101 263 45 67
leaf_count=541 101 855 51 983 195 71 59 235 421 135 231 48 92 123 422 101 263 45 67
internal_value=0.00298483 -0.024027 0.0302656 0.00872345 -0.0473361 0.0636517 0.054976 -0.0309087 -0.0642848 -0.0580673 0.043287 0.0588454 0.0836846 -0.0799143 -0.0221084 0.0719787 0.0634858 -0.0721034 0.116555
internal_weight=5039 2532 2507 1524 1677 983 845 852 825 724 601 370 244 303 617 152 322 180 138
internal_count=5039 2532 2507 1524 1677 983 845 852 825 724 601 370 244 303 617 152 322 180 138
is_linear=0
shrinkage=0.190993


Tree=9
num_leaves=28
num_cat=0
split_feature=0 0 0 0 4 3 4 0 3 1 4 3 0 3 1 1 4 0 4 3 4 0 4 3 1 3 1
split_gain=78.5946 40.3361 9.42373 5.19621 4.88023 2.38251 2.19536 1.36191 1.29995 1.21102 1.57956 1.20076 1.04273 0.893116 0.765053 0.247032 0.491887 0.464852 0.752251 0.20615 0.198826 0.169344 0.108014 0.07832 0.0663489 0.0415657 0.0131927
threshold=6.2500000000000009 4.6100000000000003 3.7500000000000004 5.3500000000000005 1.0000000180025095e-35 2.8447867202949104 1.0000000180025095e-35 3.6500000000000008 2.8639169705894241 17.050000000000004 1.5000000000000002 2.578637698227018 6.7500000000000009 2.884793887477525 8.2900000000000009 8.2900000000000009 1.5000000000000002 4.2500000000000009 1.5000000000000002 2.7697463104316205 1.5000000000000002 5.9500000000000011 1.0000000180025095e-35 2.6556183184121074 7.4670000000000014 2.4191222171040567 10.900000000000002
decision_type=2 2 2 2 2 2 2 2 2 2 2 2 2 2 2 2 2 2 2 2 2 2 2 2 2 2 2
left_child=1 2 6 8 5 14 -1 -8 9 10 -3 -4 19 15 21 16 -13 18 22 -2 -14 24 -17 25 -5 -6 -16
right_child=12 3 11 4 23 -7 7 -9 -10 -11 -12 13 20 -15 26 17 -18 -19 -20 -21 -22 -23 -24 -25 -26 -27 -28
leaf_value=-0.093117501435632744 0.069779150423473144 0.0084889675870233154 -0.0095332755200285158 0.034234256245265576 0.023396828660493127 0.0084889675870233154 -0.074838533399707946 -0.043440402914152292 -0.0095332755200285158 -0.0036123723666607278 0.0010400273482176676 -0.016881895818684749 0.078459691370406717 -0.043440402914152292 0.024850164850208016 -0.028792281783398228 -0.021761355217627617 -0.021761355217627617 -0.025108864053324739 0.052971435885628755 0.089355447304881569 0.036832430029298861 -0.033247784781028744 0.0084889675870233154 0.030062866748804366 0.015199893662674881 0.021917428929662874
leaf_weight=68 91 610 124 73 46 54 62 96 71 251 418 183 139 73 210 223 181 364 120 46 177 163 219 638 174 50 115
leaf_count=68 91 610 124 73 46 54 62 96 71 251 418 183 139 73 210 223 181 364 120 46 177 163 219 638 174 50 115
internal_value=0.00264721 -0.0048514 -0.0280463 0.00897973 0.016626 0.0272869 -0.0643656 -0.0518483 0.000351934 0.00230853 0.00569243 -0.0225152 0.0785163 -0.0242305 0.0307946 -0.0230552 -0.0188018 -0.0247209 -0.0284564 0.0642554 0.0846365 0.0362935 -0.0332478 0.00848897 0.0316361 0.0191843 0.0238322
internal_weight=5039 4586 1713 2873 1523 789 226 158 1350 1279 1028 1487 453 1363 735 1290 364 926 562 137 316 410 442 734 247 96 325
internal_count=5039 4586 1713 2873 1523 789 226 158 1350 1279 1028 1487 453 1363 735 1290 364 926 562 137 316 410 442 734 247 96 325
is_linear=0
shrinkage=0.190993


Tree=10
num_leaves=26
num_cat=0
split_feature=2 0 2 2 0 0 2 0 3 1 2 2 2 2 0 3 0 1 0 2 0 2 2 2 2
split_gain=75.4305 59.9328 15.108 7.95213 9.50254 7.82896 6.42629 2.55623 2.45185 2.17492 1.76981 1.52619 1.09242 1.03651 0.859977 0.676307 0.374178 0.592604 0.277723 0.197703 0.124915 0.0709926 0.051769 0.0481087 0.00296113
threshold=1.5031089015208072 5.7500000000000009 2.1053398063846536 1.1598652471651125 4.7350000000000003 4.6100000000000003 2.1513697421003992 3.7500000000000004 2.5599000331810666 9.9950000000000028 1.954483650209194 2.2628069068167647 1.945222246771934 1.0549916474099466 4.6100000000000003 2.6556183184121074 5.8500000000000005 8.9000000000000021 4.7350000000000003 0.80954666531337149 4.660000000000001 2.180842391041383 2.2874657908967264 2.1373539960131342 1.8759288887979055
decision_type=2 2 2 2 2 2 2 2 2 2 2 2 2 2 2 2 2 2 2 2 2 2 2 2 2
left_child=3 2 5 9 -5 7 -3 -2 -4 13 18 14 24 19 23 -12 17 -6 -7 -1 -11 -16 -13 -10 -9
right_child=1 6 8 4 16 10 -8 12 11 20 15 22 -14 -15 21 -17 -18 -19 -20 -21 -22 -23 -24 -25 -26
leaf_value=0.093192793516576278 -0.03590618633695513 0.016419440261792154 -0.03590618633695513 0.016419440261792154 0.045102965333814297 -0.012667433105237524 -0.0054606647988577834 -0.019874201411617269 -0.054421131368444432 0.048724602918442592 -0.012667433105237524 -0.070531205314681378 -0.030102715704094566 0.061836088312125309 -0.046652672656056611 -0.019874201411617269 0.048724602918442592 0.032572021590117371 -0.0054606647988577834 0.078336189817834065 0.057999542800469477 -0.053629067920908047 -0.080619176405177337 -0.062516015317763227 -0.02180157720461438
leaf_weight=61 131 907 60 320 172 64 281 466 56 62 49 78 233 90 109 258 134 149 694 128 79 113 60 173 112
leaf_count=61 131 907 60 320 172 64 281 466 56 62 49 78 233 90 109 258 134 149 694 128 79 113 60 173 112
internal_value=0.00198162 -0.0110479 -0.0273408 0.0438867 0.0323971 -0.0191446 0.0164194 -0.0318259 -0.0526678 0.0650521 -0.00792246 -0.0573992 -0.0242992 0.0749476 -0.0519483 -0.0198742 0.0487246 0.0414813 -0.00546066 0.0832621 0.0487246 -0.0466527 -0.0750719 -0.0606055 -0.0198742
internal_weight=5039 3844 2656 1195 775 2007 1188 942 649 420 1065 589 811 279 451 307 455 321 758 189 141 222 138 229 578
internal_count=5039 3844 2656 1195 775 2007 1188 942 649 420 1065 589 811 279 451 307 455 321 758 189 141 222 138 229 578
is_linear=0
shrinkage=0.190993


Tree=11
num_leaves=24
num_cat=0
split_feature=2 0 2 0 0 2 2 0 3 4 3 2 2 0 4 0 0 2 4 2 4 2 3
split_gain=48.7144 35.9901 27.8241 19.4737 7.36871 5.57276 3.98199 3.10127 1.43742 1.0673 0.815635 0.572052 0.50883 0.421763 0.323593 0.176094 0.172981 0.127996 0.0708246 0.0656063 0.181754 0.0615366 0.0171499
threshold=1.9774949088580704 5.7500000000000009 1.4207798376797947 6.0850000000000009 6.5000000000000009 2.180842391041383 1.5605040043425844 4.6100000000000003 2.6556183184121074 1.0000000180025095e-35 2.669779379702542 2.2628069068167647 1.8416721375224847 3.8500000000000001 1.0000000180025095e-35 4.2500000000000009 5.2500000000000009 2.1112623835734077 1.0000000180025095e-35 1.3811141421432374 1.0000000180025095e-35 2.2874657908967264 2.6138405363764354
decision_type=2 2 2 2 2 2 2 2 2 2 2 2 2 2 2 2 2 2 2 2 2 2 2
left_child=1 2 13 5 6 7 19 15 -7 12 -9 18 -8 -1 -13 -2 -4 -17 -10 -3 -21 -16 -6
right_child=3 4 16 -5 22 8 9 10 11 -11 -12 14 -14 -15 21 17 -18 -19 -20 20 -22 -23 -24
leaf_value=0.011675579289769401 -0.040071396988797463 0.06133770599647323 -0.0042569141945253547 -0.0042569141945253547 0.087717486235496203 -0.040071396988797463 0.045544708295108483 -0.020234284038174042 -0.055601769791444239 0.027608072774064157 -0.030152840513485758 -0.0769832732538034 0.027924004480582239 0.027608072774064157 -0.059354954499921481 -0.030152840513485758 0.0090839610681125102 -0.036387713418033853 -0.0488217657784102 0.057970948814049773 0.045544708295108483 -0.067841046364060978 0.080014957117610988
leaf_weight=66 211 91 1331 352 61 45 127 469 129 220 62 69 69 760 47 75 374 63 138 48 47 45 140
leaf_count=66 211 91 1331 352 61 45 127 469 129 220 62 69 69 760 47 75 374 63 138 48 47 45 140
internal_value=0.00215741 0.0155864 0.00440708 -0.0241002 0.0508091 -0.0362117 0.0402039 -0.0272101 -0.0529327 0.0297517 -0.0202343 -0.0575721 0.0420715 0.0276081 -0.0667153 -0.0400714 -0.00425691 -0.032704 -0.0519947 0.0613377 0.0546042 -0.059355 0.0824715
internal_weight=5039 3334 2531 1705 803 1353 602 880 473 416 531 428 196 826 161 349 1705 138 267 186 95 92 201
internal_count=5039 3334 2531 1705 803 1353 602 880 473 416 531 428 196 826 161 349 1705 138 267 186 95 92 201
is_linear=0
shrinkage=0.190993


Tree=12
num_leaves=28
num_cat=0
split_feature=0 2 2 0 0 2 3 3 2 0 0 2 2 4 4 3 2 2 2 4 0 4 0 2 0 2 3
split_gain=37.1732 44.509 12.4566 11.9306 4.84641 4.84286 2.28472 1.85512 1.25085 1.00862 0.981092 0.8934 0.584837 0.409512 0.38699 0.319838 0.310441 0.199482 0.186626 0.103816 0.198953 0.311377 0.127447 0.0394204 0.0393849 0.0307061 0.0207881
threshold=6.2500000000000009 1.5605040043425844 2.1373539960131342 4.9500000000000011 4.2500000000000009 2.1548802181155637 2.6138405363764354 2.7777890363864777 1.2161638961308021 3.7500000000000004 5.7500000000000009 1.9422560795951973 2.2628069068167647 1.0000000180025095e-35 1.5000000000000002 2.648847434846537 1.8759288887979055 2.2429139290824858 2.0608865819917024 1.0000000180025095e-35 4.9500000000000011 1.5000000000000002 4.3500000000000005 2.2892543937261829 4.8500000000000005 2.223106361498195 2.6364867381637116
decision_type=2 2 2 2 2 2 2 2 2 2 2 2 2 2 2 2 2 2 2 2 2 2 2 2 2 2 2
left_child=1 4 3 9 8 18 -4 10 -1 -3 15 14 19 -14 16 -5 -11 -7 26 22 21 -21 -8 -15 -16 -24 -2
right_child=5 2 6 7 -6 17 12 -9 -10 11 -12 -13 13 23 24 -17 -18 -19 -20 20 -22 -23 25 -25 -26 -27 -28
leaf_value=0.015184025480473481 0.072723982104649226 -0.023574054176449453 -0.023574054176449453 0.0013550288007315411 0.025379897791790156 0.037818082107408585 -0.045071433588618239 -0.0097440886314928751 0.004988153169156807 -0.0097440886314928751 0.004988153169156807 -0.020640252387585257 -0.062468007566554844 -0.045071433588618239 -0.016680071134416684 -0.002377967731168034 -0.016680071134416684 0.025379897791790156 0.055795619997511925 -0.037181948247491763 -0.03309995577258585 -0.045071433588618239 -0.035799378500131457 -0.051527905160386675 -0.0097440886314928751 -0.041577625083574758 0.066672401909789528
leaf_weight=122 81 125 71 123 997 58 58 97 225 358 536 421 77 65 167 569 83 67 60 66 93 71 102 51 63 46 187
leaf_count=122 81 125 71 123 997 58 58 97 225 358 536 421 77 65 167 569 83 67 60 66 93 71 102 51 63 46 187
internal_value=0.00186966 -0.00328737 -0.0154036 -0.00918885 0.0253799 0.0540472 -0.0379593 0.00335127 0.00498815 -0.0228394 0.00498815 -0.0177065 -0.0426259 -0.0514566 -0.0127199 -0.0022781 -0.00974409 0.0253799 0.0662874 -0.0386863 -0.0357235 -0.0412639 -0.0419412 -0.0450714 -0.0166801 -0.0380838 0.0685755
internal_weight=5039 4586 3242 2542 1344 453 700 1325 347 1217 1228 1092 629 193 671 692 441 125 328 436 230 137 206 116 230 148 268
internal_count=5039 4586 3242 2542 1344 453 700 1325 347 1217 1228 1092 629 193 671 692 441 125 328 436 230 137 206 116 230 148 268
is_linear=0
shrinkage=0.190993


Tree=13
num_leaves=29
num_cat=0
split_feature=2 0 0 2 2 0 2 4 4 0 0 1 2 4 4 0 4 1 4 1 2 0 2 1 2 1 4 0
split_gain=24.955 23.3122 8.67132 4.17848 4.0746 3.50714 2.3832 2.02623 1.80553 1.79182 1.58771 1.52731 0.91489 0.549233 0.404077 0.937935 0.268942 0.493149 0.253296 0.239644 0.207085 0.171905 0.149558 0.162692 0.109092 0.088231 0.0845737 0.0275436
threshold=1.4778438751567531 5.7500000000000009 3.7500000000000004 1.1861060758270312 2.0521165078467152 4.7350000000000003 2.1749314965017508 1.5000000000000002 1.0000000180025095e-35 4.2500000000000009 4.9500000000000011 9.5850000000000026 1.0549916474099466 1.5000000000000002 1.5000000000000002 4.2500000000000009 1.0000000180025095e-35 8.9000000000000021 1.0000000180025095e-35 8.6900000000000013 0.80954666531337149 4.660000000000001 1.8564266673125918 10.250000000000002 0.99781759729877506 9.2500000000000018 1.5000000000000002 5.0500000000000007
decision_type=2 2 2 2 2 2 2 2 2 2 2 2 2 2 2 2 2 2 2 2 2 2 2 2 2 2 2 2
left_child=3 2 8 11 7 -5 -3 9 -2 22 14 12 20 -10 15 -6 17 -7 19 -12 -1 -13 23 -4 -23 -11 -22 -14
right_child=1 6 4 5 10 16 -8 -9 13 25 18 21 27 -15 -16 -17 -18 -19 -20 -21 26 24 -24 -25 -26 -27 -28 -29
leaf_value=0.068901643207054275 -0.090580481666670196 0.010552213146395061 -0.0093340291677674568 0.010552213146395061 -0.036122108604367938 0.028634406751010141 -0.002574701649661696 -0.016093356685873219 -0.036122108604367938 -0.002574701649661696 -0.016093356685873219 0.028634406751010141 0.039169244147142061 -0.06202636840343647 -0.036122108604367938 -0.023475145212489688 0.028634406751010141 0.019593309948702602 -0.016093356685873219 -0.023475145212489688 0.049109087530466985 0.039169244147142061 -0.016093356685873219 -0.013338202111526771 0.032304225867504879 -0.0089418002850036368 0.060012732512245363 0.046646383082574398
leaf_weight=56 47 952 77 269 137 121 251 540 65 468 60 72 65 45 157 220 155 114 142 82 56 64 131 113 61 423 50 46
leaf_count=56 47 952 77 269 137 121 251 540 65 468 60 72 65 45 157 220 155 114 142 82 56 64 131 113 61 423 50 46
internal_value=0.00165892 -0.00556384 -0.0157016 0.0266683 -0.0130155 0.0168442 0.0105522 -0.00786073 -0.0592287 -0.00348394 -0.024326 0.0404247 0.0497041 -0.0456367 -0.0308569 -0.0270565 0.0286344 0.0216699 -0.0160934 -0.0234751 0.0590489 0.0286344 -0.0160934 -0.010583 0.035974 -0.0025747 0.0536757 0.0391692
internal_weight=5039 3910 2707 1129 2550 659 1203 1752 157 1212 798 470 273 110 514 357 390 235 284 142 162 197 321 190 125 891 106 111
internal_count=5039 3910 2707 1129 2550 659 1203 1752 157 1212 798 470 273 110 514 357 390 235 284 142 162 197 321 190 125 891 106 111
is_linear=0
shrinkage=0.190993


Tree=14
num_leaves=22
num_cat=0
split_feature=0 2 2 0 0 2 2 0 2 2 0 1 4 2 2 2 0 4 4 0 2
split_gain=21.5093 20.1924 7.1581 5.26739 3.56294 3.00135 1.85287 1.42083 1.41009 0.369482 0.278279 0.257792 0.505887 0.137842 0.108819 0.0899839 0.0894326 0.21321 0.0465572 0.0186637 0.0180196
threshold=6.2500000000000009 1.5508391755139848 1.945222246771934 5.2500000000000009 4.4300000000000006 2.1548802181155637 2.2180099634171211 4.5500000000000007 1.108899839973559 2.1472123894110733 4.7350000000000003 7.1000000000000005 1.0000000180025095e-35 2.2429139290824858 2.0608865819917024 2.2892543937261829 3.7500000000000004 1.0000000180025095e-35 1.5000000000000002 4.9500000000000011 2.2553931089614201
decision_type=2 2 2 2 2 2 2 2 2 2 2 2 2 2 2 2 2 2 2 2 2
left_child=1 4 3 10 8 14 7 16 -1 19 -3 -8 20 -7 -2 -14 -4 -18 -19 -9 -13
right_child=5 2 6 -5 -6 13 11 9 -10 -11 -12 12 15 -15 -16 -17 17 18 -20 -21 -22
leaf_value=0.011870970661307066 0.052958876274628641 -0.010069277340523014 -0.023087889269159768 0.0040040806620327794 0.019737860660581353 0.030516950945941673 -0.023087889269159768 -0.013458399419178903 0.0040040806620327794 -0.016847521497834795 -0.0040428145047821957 -0.03795484797862584 -0.028146543715121129 0.019737860660581353 0.043182566773701934 -0.038355293386322382 -0.021553374216505328 -0.016847521497834795 -0.021388095895668438 -0.010069277340523014 -0.043613915907833513
leaf_weight=118 268 664 53 650 846 58 70 129 338 185 332 58 114 67 60 45 172 112 119 490 91
leaf_count=118 268 664 53 650 846 58 70 129 338 185 332 58 114 67 60 45 172 112 119 490 91
internal_value=0.00185426 -0.00206858 -0.0100484 -0.00115259 0.0180566 0.0415443 -0.018986 -0.0154614 0.00400408 -0.0106072 -0.0100693 -0.0307144 -0.0332052 0.0197379 0.0512089 -0.0281465 -0.0230879 -0.0200189 -0.0168475 -0.0100693 -0.0414865
internal_weight=5039 4586 3284 1646 1302 453 1638 1260 456 804 996 378 308 125 328 159 456 403 231 619 149
internal_count=5039 4586 3284 1646 1302 453 1638 1260 456 804 996 378 308 125 328 159 456 403 231 619 149
is_linear=0
shrinkage=0.190993


Tree=15
num_leaves=28
num_cat=0
split_feature=2 3 2 4 1 1 4 3 3 2 2 2 2 2 1 4 4 1 2 2 2 2 2 3 2 1 2
split_gain=10.6751 8.17818 6.97854 2.39269 2.21402 1.60488 0.90571 1.08454 0.791424 0.775108 0.561215 0.553837 0.551727 0.486401 0.38754 0.261061 0.252037 0.211221 0.210232 0.143826 0.0840341 0.065988 0.0431655 0.0284623 0.00999444 0.00722339 0.00663002
threshold=1.2933611487590346 2.6556183184121074 1.9774949088580704 1.0000000180025095e-35 13.950000000000001 8.6700000000000017 1.5000000000000002 2.8954169221751451 2.8954169221751451 1.4892545979626397 2.1781131566992191 0.99781759729877506 2.1472123894110733 1.0881324710570734 9.2500000000000018 1.5000000000000002 1.5000000000000002 10.250000000000002 2.267054319781094 0.80954666531337149 1.1861060758270312 1.4778438751567531 2.1907517573678876 2.6679194347899773 2.2892543937261829 9.7500000000000018 2.1015752122508489
decision_type=2 2 2 2 2 2 2 2 2 2 2 2 2 2 2 2 2 2 2 2 2 2 2 2 2 2 2
left_child=5 -2 6 4 10 13 7 14 12 -8 23 17 -5 19 -3 -15 -14 -7 -12 -1 25 -16 -18 26 -24 -13 -4
right_child=1 2 3 8 -6 11 9 -9 -10 -11 18 20 16 15 21 -17 22 -19 -20 -21 -22 -23 24 -25 -26 -27 -28
leaf_value=0.051786280788145615 0.011412458884927723 0.0030468648344493645 -0.013416783230828132 -0.0071716209813058977 -0.054657887111715882 0.025600240352477106 0.0030468648344493645 -0.0071716209813058977 -0.031505283310908481 -0.0071716209813058977 -0.024464210128995408 0.018317603414287977 -0.010833332879252672 0.025600240352477106 0.00049224338051054892 0.034832880885486923 -0.01400079793073505 0.018506349618702414 -0.037577737691123679 0.038441711790054074 0.011412458884927723 -0.0020623780734282666 -0.017773171809610581 -0.01955578467881108 -0.019805207600052568 0.01503735799383789 -0.015791621653987096
leaf_weight=47 653 743 159 457 81 58 129 98 56 489 136 48 160 59 145 81 57 63 53 102 111 668 126 46 46 89 79
leaf_count=47 653 743 159 457 81 58 129 98 56 489 136 48 160 59 145 81 57 63 53 102 111 668 126 46 46 89 79
internal_value=0.00177723 -0.0016302 -0.00531873 -0.0156399 -0.0255173 0.0244551 0.00129665 0.00304686 -0.00956725 -0.0049967 -0.0204976 0.0160878 -0.00810513 0.0351127 0.00304686 0.0269253 -0.014495 0.0256002 -0.0285664 0.0427404 0.0114125 -0.00206238 -0.0187711 -0.015105 -0.0198052 0.0162217 -0.0142227
internal_weight=5039 4381 3728 1456 554 658 2272 1654 902 618 473 369 846 289 1556 140 389 121 189 149 248 813 229 284 172 137 238
internal_count=5039 4381 3728 1456 554 658 2272 1654 902 618 473 369 846 289 1556 140 389 121 189 149 248 813 229 284 172 137 238
is_linear=0
shrinkage=0.190993


Tree=16
num_leaves=27
num_cat=0
split_feature=0 2 0 0 2 2 0 2 2 0 1 4 4 1 0 2 4 0 2 1 1 2 1 4 2 0
split_gain=13.6514 9.84474 5.04695 4.49618 3.57001 1.98095 1.66387 1.30357 0.75564 0.440081 0.234295 0.197983 0.536128 0.193212 0.173955 0.15168 0.113698 0.194386 0.11137 0.0706273 0.0661584 0.0836414 0.0321688 0.031595 0.0217276 0.00487358
threshold=6.2500000000000009 1.6379894932335743 3.7500000000000004 4.7350000000000003 2.0482474883330073 2.1548802181155637 5.2500000000000009 1.2161638961308021 2.2180099634171211 4.9500000000000011 7.1000000000000005 1.0000000180025095e-35 1.5000000000000002 7.1000000000000005 3.6500000000000008 2.258517543409793 1.5000000000000002 4.2500000000000009 2.2429139290824858 8.9000000000000021 7.5282500000000008 2.0415900020649889 17.607000000000003 1.0000000180025095e-35 2.1513697421003992 4.660000000000001
decision_type=2 2 2 2 2 2 2 2 2 2 2 2 2 2 2 2 2 2 2 2 2 2 2 2 2 2
left_child=1 3 14 7 6 20 11 -1 9 16 -11 25 -13 -10 -3 -15 17 -6 -7 -5 -2 -22 -21 -12 -25 -4
right_child=5 2 4 19 8 18 -8 -9 13 10 23 12 -14 15 -16 -17 -18 -19 -20 22 21 -23 -24 24 -26 -27
leaf_value=0.0088096189652331122 0.047491730406425819 -0.050345194657333989 -0.0077433125037135011 0.016150827304755977 -0.016457947433284048 0.025879248198733339 0.0014684106257102487 0.0014684106257102487 -0.016457947433284048 -0.0077433125037135011 -0.011910204372890277 -0.0026084404033454691 -0.0077433125037135011 -0.020307518829321695 -0.035755659107358236 -0.025159221816516839 -0.016457947433284048 -0.011910204372890277 0.016150827304755977 0.010987642345051122 0.041538795808905168 0.031975748858222908 0.0088096189652331122 -0.0098267584383018892 -0.011910204372890277 -0.003837998959528187
leaf_weight=241 62 76 234 529 98 58 709 458 68 70 149 254 348 117 56 179 111 138 67 337 220 46 61 101 45 207
leaf_count=241 62 76 234 529 98 58 709 458 68 70 149 254 348 117 56 179 111 138 67 337 220 46 61 101 45 207
internal_value=0.00190363 -0.00122158 -0.00778007 0.0107169 -0.00607382 0.0335232 -0.000755219 0.00146841 -0.0147314 -0.0111049 -0.00774331 -0.00668529 -0.00400723 -0.021811 -0.0442446 -0.0241571 -0.0160771 -0.0122049 0.0161508 0.0161508 0.041391 0.0399205 0.00981769 -0.0119102 -0.00982676 -0.00774331
internal_weight=5039 4586 2960 1626 2828 453 1752 699 1076 712 365 1043 602 364 132 296 347 236 125 927 328 266 398 295 146 441
internal_count=5039 4586 2960 1626 2828 453 1752 699 1076 712 365 1043 602 364 132 296 347 236 125 927 328 266 398 295 146 441
is_linear=0
shrinkage=0.190993


Tree=17
num_leaves=23
num_cat=0
split_feature=0 2 0 0 2 0 2 4 1 4 0 2 4 4 4 2 0 2 1 1 2 2
split_gain=8.70201 5.60665 4.25706 3.97676 1.98317 1.64279 1.29366 1.15631 1.1441 0.86141 1.10027 0.592837 0.455744 0.431658 0.324279 0.704486 0.32575 0.495279 0.232105 0.20646 0.187711 0.104729
threshold=4.7350000000000003 1.968716314767639 5.8500000000000005 3.7500000000000004 1.3900505957339562 6.2500000000000009 1.54468758040805 1.0000000180025095e-35 11.071300000000003 1.5000000000000002 4.2500000000000009 1.8833773968646541 1.5000000000000002 1.5000000000000002 1.5000000000000002 1.4631454934424319 5.9500000000000011 1.6237656931167848 8.2900000000000009 8.9000000000000021 2.0521165078467152 0.99781759729877506
decision_type=2 2 2 2 2 2 2 2 2 2 2 2 2 2 2 2 2 2 2 2 2 2
left_child=3 2 6 7 -5 -3 19 -1 14 10 11 -6 -10 -9 16 -16 17 -4 -18 -2 -11 -21
right_child=1 5 8 4 9 -7 -8 13 12 20 -12 -13 -14 -15 15 -17 18 -19 -20 21 -22 -23
leaf_value=-0.052931817082266248 0.016196409105049457 -0.00017300020297586903 0.032903122056792404 -0.00017300020297586903 -0.009388681841934551 0.0070130796418534517 0.0070130796418534517 -0.018649201134853619 0.016196409105049457 -0.013325648390913367 -0.0047469554688390784 -0.018649201134853619 0.023440216133775355 -0.034316917914466956 0.047090028543853059 0.023440216133775355 0.045174848855206763 0.023440216133775355 0.032903122056792404 0.013900576739250456 -0.018649201134853619 0.011604744373451456
leaf_weight=68 292 882 56 328 245 236 665 81 213 277 499 251 62 77 46 126 109 75 90 51 100 210
leaf_count=68 292 882 56 328 245 236 665 81 213 277 499 251 62 77 46 126 109 75 90 51 100 210
internal_value=0.00175056 0.00799332 0.0141992 -0.00833932 -0.0051723 -0.000173 0.00714966 -0.0321261 0.0252432 -0.00932091 -0.00637197 -0.0140304 0.0161964 -0.0230938 0.030684 0.0238749 0.0342097 0.0266925 0.0391138 0.0161964 -0.0170934 0.0116047
internal_weight=5039 3113 1995 1926 1700 1118 1218 226 777 1372 995 496 275 158 502 172 330 131 199 553 377 261
internal_count=5039 3113 1995 1926 1700 1118 1218 226 777 1372 995 496 275 158 502 172 330 131 199 553 377 261
is_linear=0
shrinkage=0.190993


Tree=18
num_leaves=18
num_cat=0
split_feature=0 2 0 2 0 3 2 2 4 4 3 3 0 2 4 4 0
split_gain=7.09652 6.07574 3.78382 2.70258 2.04837 1.81328 1.54084 0.599852 0.476268 0.769603 0.370611 0.342583 0.182125 0.158559 0.0563166 0.0458925 0.0303949
threshold=6.5000000000000009 1.3414333978311623 3.7500000000000004 1.945222246771934 5.2500000000000009 2.6556183184121074 2.1548802181155637 2.1373539960131342 1.0000000180025095e-35 1.5000000000000002 2.8267220378773263 2.7892244748036159 6.0850000000000009 1.4305580220806979 1.0000000180025095e-35 1.5000000000000002 5.9500000000000011
decision_type=2 2 2 2 2 2 2 2 2 2 2 2 2 2 2 2 2
left_child=1 10 8 4 13 -5 15 11 -3 -10 -1 14 -9 -4 16 -2 -7
right_child=6 2 3 5 -6 7 -8 12 9 -11 -12 -13 -14 -15 -16 -17 -18
leaf_value=0.012465599757487686 0.030915655645275007 -0.045530471995499575 0.00051227015216103984 -0.0032754795385748266 0.0043000198428969063 -0.010127502769695807 0.012465599757487686 -0.016724532176939332 -0.016724532176939332 -0.042146517979527141 0.0043000198428969063 -0.012569805242339855 -0.012569805242339855 -0.0032754795385748266 -0.0076852002970517596 0.036195567645678862 -0.0076852002970517596
leaf_weight=677 146 56 126 200 879 233 112 544 70 54 56 63 75 1117 444 139 48
leaf_count=677 146 56 126 200 879 233 112 544 70 54 56 63 75 1117 444 139 48
internal_value=0.0012641 -0.000832628 -0.00386556 -0.00255885 0.00191567 -0.00846663 0.0257638 -0.0120949 -0.0308902 -0.0241907 0.0124656 -0.00859453 -0.0165451 -0.00327548 -0.0076852 0.0335238 -0.0101275
internal_weight=5039 4642 3909 3729 2122 1607 397 1407 180 124 733 788 619 1243 725 285 281
internal_count=5039 4642 3909 3729 2122 1607 397 1407 180 124 733 788 619 1243 725 285 281
is_linear=0
shrinkage=0.190993


Tree=19
num_leaves=19
num_cat=0
split_feature=0 2 3 0 2 2 3 2 4 4 0 3 0 4 0 4 4 4
split_gain=4.31089 4.05032 2.57684 2.7839 2.39311 1.08787 0.601027 0.497746 0.448551 0.645117 0.365068 0.23638 0.129544 0.128374 0.0499726 0.0360073 0.0300742 0.0130067
threshold=6.5000000000000009 1.3414333978311623 2.6556183184121074 3.7500000000000004 1.9422560795951973 2.1548802181155637 2.804480055528257 2.1373539960131342 1.5000000000000002 1.0000000180025095e-35 4.7350000000000003 2.8267220378773263 6.0850000000000009 1.0000000180025095e-35 5.9500000000000011 1.5000000000000002 1.5000000000000002 1.0000000180025095e-35
decision_type=2 2 2 2 2 2 2 2 2 2 2 2 2 2 2 2 2 2
left_child=1 11 -3 8 10 16 7 13 9 -4 15 -1 -9 14 -6 17 -2 -5
right_child=5 2 3 4 6 -7 -8 12 -10 -11 -12 -13 -14 -15 -16 -17 -18 -19
leaf_value=0.010139258888888251 0.025022287311291243 0.0037094340376506944 -0.039708030227315137 -0.0043460976191533589 -0.0088354727111349517 0.010139258888888251 -0.016561103076349604 -0.012473461662647334 -0.045593974149371684 -0.016561103076349604 -0.00062963302350816069 0.0037094340376506944 -0.0088354727111349517 -0.0051974837596225698 -0.0051974837596225698 -0.0051974837596225698 0.029296369365567784 -0.0029135583915653653
leaf_weight=677 146 515 53 293 244 112 110 501 45 64 1127 56 69 449 48 190 139 201
leaf_count=677 146 515 53 293 244 112 110 501 45 64 1127 56 69 449 48 190 139 201
internal_value=0.00140883 -0.000225391 -0.00272039 -0.0049687 -0.0037427 0.0205039 -0.00976533 -0.00838582 -0.0293795 -0.0230491 -0.000629633 0.0101393 -0.0124735 -0.00519748 -0.00883547 -0.00519748 0.0271336 -0.00341646
internal_weight=5039 4642 3909 3394 3232 397 1421 1311 162 117 1811 733 570 741 292 684 285 494
internal_count=5039 4642 3909 3394 3232 397 1421 1311 162 117 1811 733 570 741 292 684 285 494
is_linear=0
shrinkage=0.190993


Tree=20
num_leaves=21
num_cat=0
split_feature=3 2 0 0 3 2 0 1 0 0 2 2 0 2 1 2 3 0 2 3
split_gain=2.96879 2.43816 1.75373 1.17809 0.950907 0.708749 0.637369 0.513578 0.44768 0.236184 0.182485 0.181718 0.172369 0.0893267 0.08844 0.0736591 0.042099 0.0355103 0.0337771 0.00824781
threshold=2.648847434846537 1.5031089015208072 5.7500000000000009 3.5500000000000003 2.8068575010263705 2.067628676969111 4.8500000000000005 9.5350000000000019 4.9500000000000011 3.7500000000000004 1.9011856945668908 2.2141812884181711 5.7500000000000009 2.0251009126861281 8.9000000000000021 1.5295581992403686 2.9258226855797038 4.7350000000000003 2.267054319781094 2.5459248899719777
decision_type=2 2 2 2 2 2 2 2 2 2 2 2 2 2 2 2 2 2 2 2
left_child=6 7 3 -3 8 -4 19 -2 9 -5 -11 12 15 16 -10 -8 -6 -9 -12 -1
right_child=1 2 5 4 13 -7 11 17 14 10 18 -13 -14 -15 -16 -17 -18 -19 -20 -21
leaf_value=0.0089684848811311477 0.0063625496157666377 -0.036432620925941718 0.0017137267748430077 -0.011711419351075551 -0.011711419351075551 -0.0021068099659884822 0.018633784536041722 0.0017137267748430077 -0.0021068099659884822 -0.0042930418718769786 -0.0070456410161461791 0.011674424576278333 0.022189179323173467 -0.020873380158531674 -0.0042930418718769786 0.015078389748909975 -0.017780304388682812 0.0040381381953048228 -0.0087015165084021705 0.0063625496157666377
leaf_weight=167 622 45 618 88 53 336 52 221 432 543 628 46 226 66 321 161 47 233 77 57
leaf_count=167 622 45 618 88 53 336 52 221 432 543 628 46 226 66 321 161 47 233 77 57
internal_value=0.00157364 -0.000302585 -0.0029351 -0.00592735 -0.00531414 0.00171373 0.0130277 0.00636255 -0.00420703 -0.00647927 -0.00569161 0.0169863 0.0184824 -0.0192158 -0.00210681 0.0150784 -0.0146872 0.00171373 -0.00788578 0.00636255
internal_weight=5039 4330 3254 2300 2255 954 709 1076 2089 1336 1248 485 439 166 753 213 100 454 705 224
internal_count=5039 4330 3254 2300 2255 954 709 1076 2089 1336 1248 485 439 166 753 213 100 454 705 224
is_linear=0
shrinkage=0.190993


Tree=21
num_leaves=20
num_cat=0
split_feature=0 3 0 4 1 0 0 1 4 3 3 0 3 0 4 4 4 3 4
split_gain=2.18221 2.4451 1.71417 0.832457 1.58055 0.63682 0.286487 0.166852 0.123458 0.0862166 0.0595409 0.0848024 0.0362971 0.0253977 0.294909 0.15215 0.0240718 0.0134194 0.00707366
threshold=6.2500000000000009 2.8432323311168619 4.6100000000000003 1.0000000180025095e-35 9.2500000000000018 3.7500000000000004 6.0850000000000009 4.3250000000000002 1.0000000180025095e-35 2.5165348708308275 2.8712808746532272 6.5000000000000009 2.9573566434868126 4.2500000000000009 1.5000000000000002 1.5000000000000002 1.5000000000000002 2.6762359756494765 1.5000000000000002
decision_type=2 2 2 2 2 2 2 2 2 2 2 2 2 2 2 2 2 2 2
left_child=1 2 5 4 -4 -1 7 -5 12 -7 11 -2 -3 14 -11 -15 -9 18 -13
right_child=10 8 3 6 -6 9 -8 16 -10 13 -12 17 -14 15 -16 -17 -18 -19 -20
leaf_value=-0.0081901508981886018 0.01133229009101076 -0.018249117287375573 0.0072236641870209103 0.0038001374451387569 0.00037661070325660338 0.00037661070325660338 0.0072236641870209103 0.0020883740741976802 -0.012055587879733654 -0.0049731797830834742 0.0077388792212764717 0.017728354707808303 -0.024179940244658422 -0.00098101140751161793 -0.0021783919113778768 -0.0021783919113778768 0.00037661070325660338 0.013754701207769065 0.015575446467771458
leaf_weight=217 49 95 959 80 412 112 121 419 92 513 48 158 72 407 254 120 713 64 134
leaf_count=217 49 95 959 80 412 112 121 419 92 513 48 158 72 407 254 120 713 64 134
internal_value=0.00152744 0.000277884 0.00135731 0.0043023 0.00722366 -0.00354908 0.000891431 0.000376611 -0.0177376 -0.00175621 0.0141694 0.0149257 -0.0208424 -0.00233863 -0.00304 -0.00131678 0.000376611 0.0161771 0.0167563
internal_weight=5039 4586 4327 2704 1371 1623 1333 1212 259 1406 453 405 167 1294 767 527 1132 356 292
internal_count=5039 4586 4327 2704 1371 1623 1333 1212 259 1406 453 405 167 1294 767 527 1132 356 292
is_linear=0
shrinkage=0.190993


Tree=22
num_leaves=21
num_cat=0
split_feature=2 0 2 0 1 4 2 0 2 1 4 4 4 2 1 1 2 4 2 4
split_gain=2.41196 2.09497 1.62784 1.03571 0.580632 0.539276 0.899159 0.727904 0.529394 0.475417 0.508129 0.398846 0.35585 0.340896 0.195294 0.110892 0.0887601 0.0785428 0.0864449 0.0424295
threshold=1.1861060758270312 5.7500000000000009 2.045518518863763 3.7500000000000004 9.5850000000000026 1.5000000000000002 1.5217911586051782 4.2500000000000009 1.0549916474099466 9.2500000000000018 1.0000000180025095e-35 1.0000000180025095e-35 1.5000000000000002 1.8564266673125918 3.9450000000000007 17.150000000000002 0.80954666531337149 1.0000000180025095e-35 0.99781759729877506 1.5000000000000002
decision_type=2 2 2 2 2 2 2 2 2 2 2 2 2 2 2 2 2 2 2 2
left_child=4 3 -3 11 8 7 -7 13 16 -9 -11 -2 -13 15 -8 -5 -1 18 -6 -18
right_child=1 2 -4 5 17 6 14 9 -10 10 -12 12 -14 -15 -16 -17 19 -19 -20 -21
leaf_value=0.033631025221804847 -0.028827455455656625 0.0071412716191261039 0.0018560348172101482 -0.0021179077189027928 0.013589746108378445 0.0018560348172101482 -0.0033407783941395387 0.0018560348172101482 0.013589746108378445 -0.0021179077189027928 -0.00013093645084632217 -0.0088857520772778718 -0.023600407879527687 -0.0088857520772778718 -0.0088857520772778718 -0.0055018298980903319 0.020469890727886526 0.0071412716191261039 0.0071412716191261039 0.028134523469251337
leaf_weight=56 61 870 453 206 50 168 69 776 111 527 247 77 61 268 718 68 56 97 50 50
leaf_count=56 61 870 453 206 50 168 69 776 111 527 247 77 61 268 718 68 56 97 50 50
internal_value=0.00129945 -4.11143e-05 0.00636416 -0.00265209 0.0143237 -0.00177947 -0.00553942 -6.2529e-05 0.0200382 0.00185603 -0.00211791 -0.015992 -0.0102715 -0.00609185 -0.00853759 -0.00211791 0.02735 0.00714127 0.0126031 0.0239518
internal_weight=5039 4569 1323 3246 470 3047 955 2092 273 1550 774 199 138 542 787 274 162 197 100 106
internal_count=5039 4569 1323 3246 470 3047 955 2092 273 1550 774 199 138 542 787 274 162 197 100 106
is_linear=0
shrinkage=0.190993


Tree=23
num_leaves=16
num_cat=0
split_feature=3 0 3 4 0 4 1 4 0 0 3 0 3 4 0
split_gain=1.35627 1.19656 0.784928 0.832315 0.413019 0.383465 0.354442 0.380968 0.268832 0.251469 0.200321 0.0746474 0.0653975 0.000538959 0.251912
threshold=2.8267220378773263 4.6100000000000003 2.648847434846537 1.5000000000000002 6.5000000000000009 1.0000000180025095e-35 9.5850000000000026 1.0000000180025095e-35 4.9500000000000011 3.7500000000000004 2.8816690651178365 5.8500000000000005 2.5165348708308275 1.5000000000000002 4.2500000000000009
decision_type=2 2 2 2 2 2 2 2 2 2 2 2 2 2 2
left_child=1 9 3 11 6 10 7 -4 -7 -1 -2 -3 -11 14 -14
right_child=5 2 4 -5 -6 8 -8 -9 -10 12 -12 -13 13 -15 -16
leaf_value=-0.0041146721764235891 -0.0072555597818323436 0.015949179388413993 0.0044848913799897926 0.0069490636625535529 0.0069490636625535529 -0.016659012610713918 0.0010903203337425003 0.0026350883044153209 -0.0041146721764235891 0.0010903203337425003 -0.020382776704532028 0.02230525898763128 -0.0024446607926600461 -0.0014780607436698696 -9.6150525549453246e-05
leaf_weight=217 64 168 842 242 213 63 768 724 90 112 128 119 511 373 405
leaf_count=217 64 168 842 242 213 63 768 724 90 112 128 119 511 373 405
internal_value=0.00123703 0.00208673 0.00429821 0.010991 0.00290708 -0.0103161 0.00202072 0.00417986 -0.00411467 -0.00211757 -0.016024 0.0186038 -0.000774649 -0.00128262 -0.00120261
internal_weight=5039 4694 3076 529 2547 345 2334 1566 153 1618 192 287 1401 1289 916
internal_count=5039 4694 3076 529 2547 345 2334 1566 153 1618 192 287 1401 1289 916
is_linear=0
shrinkage=0.190993


Tree=24
num_leaves=18
num_cat=0
split_feature=0 3 0 3 4 1 4 0 0 1 3 4 1 0 3 0 3
split_gain=0.906478 1.02737 0.584618 0.356416 0.201071 0.522243 0.253264 0.188366 0.126945 0.050265 0.0375804 0.0646984 0.0204701 0.0495264 0.0634064 0.00479348 0.00189519
threshold=6.2500000000000009 2.8068575010263705 3.7500000000000004 2.6556183184121074 1.5000000000000002 9.2500000000000018 1.0000000180025095e-35 5.5500000000000007 4.3500000000000005 3.9450000000000007 2.8639169705894241 1.0000000180025095e-35 7.5282500000000008 6.5000000000000009 2.7734205691727287 4.5500000000000007 2.9573566434868126
decision_type=2 2 2 2 2 2 2 2 2 2 2 2 2 2 2 2 2
left_child=1 2 -1 15 5 8 -7 9 -5 -6 -3 16 -2 -14 -15 -4 -12
right_child=12 10 3 4 7 6 -8 -9 -10 -11 11 -13 13 14 -16 -17 -18
leaf_value=-0.004818932839309919 0.01160577220841545 -0.0070790431885157795 0.0026698945020386133 0.00061265460815985149 0.00050022781697813218 -0.0016694388680823487 0.00061265460815985149 0.0026698945020386133 0.0026698945020386133 -0.0016694388680823487 -0.013570908107580269 -0.0094637407200110144 0.0046083784564912031 0.010006650658386405 0.006992072749111667 0.0046083784564912031 -0.015509977631516266
leaf_weight=217 95 85 161 196 52 700 553 230 944 835 65 85 51 260 47 391 72
leaf_count=217 95 85 161 196 52 700 553 230 944 835 65 85 51 260 47 391 72
internal_value=0.000937096 0.000131748 0.000897724 0.00148006 0.000731411 0.00171898 -0.00144459 -0.00138421 0.00266989 -0.00166944 -0.0105356 -0.0118484 0.00908501 0.00840753 0.00937577 0.00460838 -0.0146196
internal_weight=5039 4586 4279 4062 3510 2393 1253 1117 1140 887 307 222 453 358 307 552 137
internal_count=5039 4586 4279 4062 3510 2393 1253 1117 1140 887 307 222 453 358 307 552 137
is_linear=0
shrinkage=0.190993


Tree=25
num_leaves=16
num_cat=0
split_feature=3 0 3 0 4 1 0 4 4 4 0 3 0 4 4
split_gain=0.633857 0.841923 0.382275 0.329189 0.425613 0.313077 0.308521 0.263929 0.260954 0.21833 0.56835 0.138946 0.0947792 0.0693179 0.0193927
threshold=2.648847434846537 3.5500000000000003 2.8923728182838908 4.7350000000000003 1.5000000000000002 8.9000000000000021 4.2500000000000009 1.5000000000000002 1.0000000180025095e-35 1.5000000000000002 4.8500000000000005 2.5837649991680771 5.8500000000000005 1.0000000180025095e-35 1.0000000180025095e-35
decision_type=2 2 2 2 2 2 2 2 2 2 2 2 2 2 2
left_child=9 -2 3 4 6 13 -3 14 -7 10 -1 12 -12 -5 -4
right_child=1 2 7 5 -6 8 -8 -9 -10 -11 11 -13 -14 -15 -16
leaf_value=0.0030321844607996474 -0.023049268803828713 -0.0032366215334364737 -0.01139425324273332 0.0030321844607996474 -0.0032366215334364737 0.00031099653505710302 0.00031099653505710302 -0.0032366215334364737 0.0016715904979283753 0.0030321844607996474 0.013282144831559534 0.008911062779084768 0.021782678666075105 0.0016715904979283753 -0.0073705948049386759
leaf_weight=155 57 589 127 752 462 425 523 62 719 298 103 60 93 565 49
leaf_count=155 57 589 127 752 462 425 523 62 719 298 103 60 93 565 49
internal_value=0.000819385 -4.75628e-05 0.000260762 0.000699699 -0.00145725 0.00207925 0.000310997 -0.00717294 0.000310997 0.00611193 0.0090095 0.0147899 0.0173409 0.00303218 -0.0113943
internal_weight=5039 4330 4273 4035 1574 2461 1112 238 1144 709 411 256 196 1317 176
internal_count=5039 4330 4273 4035 1574 2461 1112 238 1144 709 411 256 196 1317 176
is_linear=0
shrinkage=0.190993


Tree=26
num_leaves=20
num_cat=0
split_feature=2 2 0 2 4 2 4 1 0 2 1 4 2 2 4 2 4 1 0
split_gain=1.54903 1.02578 1.1185 0.732614 0.434641 0.5481 0.479857 1.0867 0.599671 0.41213 0.193744 0.271428 0.091314 0.0606371 0.133088 0.0444103 0.0443382 0.0271751 0.0256364
threshold=1.1861060758270312 2.2628069068167647 5.7500000000000009 2.045518518863763 1.5000000000000002 1.3414333978311623 1.0000000180025095e-35 9.2500000000000018 4.660000000000001 0.73637822465860625 9.9950000000000028 1.5000000000000002 1.496236992809832 2.2892543937261829 1.5000000000000002 1.0549916474099466 1.5000000000000002 3.9450000000000007 4.660000000000001
decision_type=2 2 2 2 2 2 2 2 2 2 2 2 2 2 2 2 2 2 2
left_child=9 2 4 -4 6 -6 7 8 -2 -1 11 15 -9 14 -3 -11 -15 -7 -12
right_child=1 13 3 -5 5 17 -8 12 -10 10 18 -13 -14 16 -16 -17 -18 -19 -20
leaf_value=0.025481473571516117 -0.0019967653991662666 -0.012241368851938276 0.0053759515044306217 0.0018191739936759977 0.0018191739936759977 -0.0019967653991662666 0.0018191739936759977 -0.0019967653991662666 0.0018191739936759977 0.014151617108280773 0.0053759515044306217 0.017188054398010154 -0.0058127047920085301 -0.012241368851938276 -0.0058127047920085301 0.0087489778368994003 -0.019471670531262201 -0.0058127047920085301 0.0087489778368994003
leaf_weight=63 245 92 870 344 73 60 602 163 543 85 61 115 576 67 53 66 51 830 80
leaf_count=63 245 92 870 344 73 60 602 163 543 85 61 115 576 67 53 66 51 830 80
internal_value=0.000694348 -0.000379944 0.000327645 0.00523954 -0.00160119 -0.00496752 -7.80665e-05 -0.0022404 0.00181917 0.0111318 0.00889464 0.012122 -0.0058127 -0.0119531 -0.00930281 0.00874898 -0.0151799 -0.0058127 0.00537595
internal_weight=5039 4569 4306 1214 3092 963 2129 1527 788 470 407 266 739 263 145 151 118 890 141
internal_count=5039 4569 4306 1214 3092 963 2129 1527 788 470 407 266 739 263 145 151 118 890 141
is_linear=0
shrinkage=0.190993


Tree=27
num_leaves=19
num_cat=0
split_feature=2 0 2 2 3 4 3 0 2 4 2 2 2 2 3 4 2 2
split_gain=0.959036 1.09813 0.743485 0.404592 0.366528 0.206325 0.185867 0.181841 0.181776 0.127048 0.497299 0.135425 0.126782 0.117197 0.0928036 0.00951681 0.00858472 0.00442146
threshold=2.1373539960131342 5.7500000000000009 1.2000271056374372 2.0159880549507405 2.5145457218898097 1.0000000180025095e-35 2.7892244748036159 4.7350000000000003 1.6101272861575502 1.0000000180025095e-35 1.8296252343863306 1.4631454934424319 2.267054319781094 2.2952371167929049 2.6762359756494765 1.5000000000000002 1.7079955381163248 2.228015156105708
decision_type=2 2 2 2 2 2 2 2 2 2 2 2 2 2 2 2 2 2
left_child=1 2 -1 9 -2 12 13 -4 -9 10 14 -11 17 -7 16 -13 -3 -6
right_child=4 3 7 -5 5 6 -8 8 -10 11 -12 15 -14 -15 -16 -17 -18 -19
leaf_value=0.0035307023205654485 -0.001735501272810888 0.020998660139236059 -0.001735501272810888 0.0035307023205654485 -0.008464134926184844 -0.0045546928673482643 -0.016835580293581717 0.0010516346937621966 -0.00058145890862339232 0.013850328939500646 0.0063670381585304841 0.0063670381585304841 -0.018449814907296185 -0.010695136580464991 0.012115371341670867 0.0077239179977971984 0.017563519635199285 -0.010444207284127788
leaf_weight=435 84 121 1399 201 151 364 45 424 869 99 107 222 70 52 49 228 51 68
leaf_count=435 84 121 1399 201 151 364 45 424 869 99 107 222 70 52 49 228 51 68
internal_value=0.000635446 0.00180895 -3.42371e-06 0.00706483 -0.00527996 -0.00737388 -0.00486087 -0.00142743 0.000572583 0.00920337 0.0121807 0.00741928 -0.0113739 -0.00455469 0.0178637 0.00636704 0.0200104 -0.00909153
internal_weight=5039 4205 3127 1078 834 750 461 2692 1293 877 328 549 289 416 221 450 172 219
internal_count=5039 4205 3127 1078 834 750 461 2692 1293 877 328 549 289 416 221 450 172 219
is_linear=0
shrinkage=0.190993


Tree=28
num_leaves=13
num_cat=0
split_feature=2 0 2 0 3 4 2 4 3 2 2 3
split_gain=0.768275 0.529766 0.483237 0.719583 0.470238 0.48105 0.211199 0.167738 0.162177 0.106814 0.0726366 0.0101577
threshold=1.0700339345261438 6.2500000000000009 1.945222246771934 4.7350000000000003 2.6556183184121074 1.0000000180025095e-35 0.73637822465860625 1.5000000000000002 2.804480055528257 2.2429139290824858 2.267054319781094 2.8068575010263705
decision_type=2 2 2 2 2 2 2 2 2 2 2 2
left_child=6 2 3 -2 -4 10 -1 -8 -7 -3 11 -6
right_child=1 9 4 -5 5 8 7 -9 -10 -11 -12 -13
leaf_value=0.01966823289908912 -0.0012217936721076697 0.0048887266748543611 -0.0012217936721076697 0.0020797751808799836 -0.0084674838277552407 -0.003274883239801261 0.0048887266748543611 0.013458978090044401 -0.01498963756099848 0.0020797751808799836 -0.015395248423687186 -0.011324176730532026
leaf_weight=63 1096 379 198 1555 488 782 151 90 49 67 68 53
leaf_count=63 1096 379 198 1555 488 782 151 90 49 67 68 53
internal_value=0.000536215 -6.15995e-05 -0.000729176 0.000864401 -0.00330799 -0.00532797 0.00983905 0.00724972 -0.00327488 0.00488873 -0.00950147 -0.00875307
internal_weight=5039 4735 4289 2651 1638 1440 304 241 831 446 609 541
internal_count=5039 4735 4289 2651 1638 1440 304 241 831 446 609 541
is_linear=0
shrinkage=0.190993


Tree=29
num_leaves=15
num_cat=0
split_feature=2 0 2 1 0 2 2 3 2 1 0 2 2 3
split_gain=0.470073 0.450836 0.579907 0.389944 0.368701 0.207125 0.0881411 0.0849673 0.0651752 0.0954474 0.0162294 0.0147946 0.0114907 0.00568847
threshold=1.108899839973559 3.7500000000000004 2.2180099634171211 9.9950000000000028 5.7500000000000009 2.045518518863763 1.0549916474099466 2.6556183184121074 1.5508391755139848 8.7500000000000018 4.5500000000000007 1.9011856945668908 0.97999741916420813 2.8432323311168619
decision_type=2 2 2 2 2 2 2 2 2 2 2 2 2 2
left_child=3 -2 4 6 7 -6 12 10 9 -9 -3 13 -1 -10
right_child=1 2 -4 -5 5 -7 -8 8 11 -11 -12 -13 -14 -15
leaf_value=0.015795961744549267 -0.0085913254807166734 0.00081423768953053661 -0.0040358323674841712 0.0037436247562701763 0.0037436247562701763 0.0019324504957887632 0.0082268662503324312 0.00081423768953053661 -0.00014671061790354488 -5.6431779234593242e-05 0.0019324504957887632 -0.0013752021195099762 0.012408933184446093 -0.00087065741376232588
leaf_weight=127 207 138 450 116 881 269 45 330 828 361 234 930 62 61
leaf_count=127 207 138 450 116 881 269 45 330 828 361 234 930 62 61
internal_value=0.000621144 0.000116958 0.000519661 0.00737029 0.00128543 0.00374362 0.0127101 0.000121276 -0.000303975 0.000814238 0.00193245 -0.000927101 0.0147049 -0.000366113
internal_weight=5039 4689 4482 350 4032 1150 234 2882 2510 691 372 1819 189 889
internal_count=5039 4689 4482 350 4032 1150 234 2882 2510 691 372 1819 189 889
is_linear=0
shrinkage=0.190993


Tree=30
num_leaves=16
num_cat=0
split_feature=3 2 2 0 4 0 0 4 2 4 0 4 2 2 3
split_gain=0.30692 0.491511 0.293467 0.575543 0.34347 0.288757 0.285254 0.212465 0.191572 0.148555 0.15054 0.153944 0.120923 0.0490399 0.0155543
threshold=2.8267220378773263 0.73637822465860625 1.54468758040805 4.7350000000000003 1.5000000000000002 6.0850000000000009 4.2500000000000009 1.0000000180025095e-35 2.0482474883330073 1.5000000000000002 5.2500000000000009 1.0000000180025095e-35 2.1087340757000743 1.8139142921500564 2.8816690651178365
decision_type=2 2 2 2 2 2 2 2 2 2 2 2 2 2 2
left_child=1 -1 3 -3 6 -6 13 14 -9 10 -5 -12 -8 -4 -2
right_child=7 2 4 9 5 -7 12 8 -10 -11 11 -13 -14 -15 -16
leaf_value=0.018974721202577257 -0.0070314305158178901 0.0015527899244019935 -0.00024588264672484257 0.0045540529430725197 -0.0020445552178516785 0.0015527899244019935 0.0015527899244019935 -0.0020445552178516785 -0.01329832744875821 0.0098343918606659201 0.0098343918606659201 0.0068280831251325063 -0.00024588264672484257 -0.0020445552178516785 -0.010752123765641207
leaf_weight=54 64 496 160 185 897 307 1297 89 64 213 218 66 456 345 128
leaf_count=54 64 496 160 185 897 307 1297 89 64 213 218 66 456 345 128
internal_value=0.000501275 0.000905485 0.000694063 0.00329761 -0.000192031 -0.00204456 0.00124333 -0.0049946 -0.00204456 0.00755532 0.0054575 0.00910211 0.00155279 -0.00204456 -0.00952396
internal_weight=5039 4694 4640 1178 3462 1204 2258 345 153 682 469 284 1753 505 192
internal_count=5039 4694 4640 1178 3462 1204 2258 345 153 682 469 284 1753 505 192
is_linear=0
shrinkage=0.190993


Tree=31
num_leaves=13
num_cat=0
split_feature=1 2 0 0 2 4 2 0 4 2 2 4
split_gain=0.281101 0.342573 0.403302 0.25313 0.292294 0.262278 0.251341 0.105184 0.093137 0.0254777 0.00491929 0.0489082
threshold=3.6250000000000004 2.2628069068167647 6.5000000000000009 3.7500000000000004 1.54468758040805 1.5000000000000002 1.8466462185748147 4.7350000000000003 1.0000000180025095e-35 1.2161638961308021 2.2952371167929049 1.5000000000000002
decision_type=2 2 2 2 2 2 2 2 2 2 2 2
left_child=-1 2 3 -2 7 6 -6 9 -8 -5 11 -3
right_child=1 10 -4 4 5 -7 8 -9 -10 -11 -12 -13
leaf_value=0.01102221759687737 -0.0030875979304875721 -0.0069790502990192994 0.0055856374429293617 0.0019454307595515952 0.00109642258502334 -0.0013340703212711962 -0.0013340703212711962 0.0027944389340798501 -0.00011882386812392806 0.00109642258502334 -0.0078973674735266022 -0.0030875979304875721
leaf_weight=88 219 115 354 197 865 923 803 716 351 270 86 52
leaf_count=88 219 115 354 197 865 923 803 716 351 270 86 52
internal_value=0.000339547 0.000149057 0.000517904 3.24043e-06 0.000419457 -0.000601594 0.00101542 0.00279444 -0.00133407 0.00109642 -0.0066931 -0.00606073
internal_weight=5039 4951 4698 4344 4125 2942 2019 1183 1154 467 253 167
internal_count=5039 4951 4698 4344 4125 2942 2019 1183 1154 467 253 167
is_linear=0
shrinkage=0.190993


Tree=32
num_leaves=16
num_cat=0
split_feature=1 3 2 4 2 2 4 2 4 2 4 3 4 2 2
split_gain=0.184589 0.236047 0.272924 0.223411 0.127168 0.0602659 0.0517152 0.397801 0.0890649 0.23233 0.0469492 0.046447 0.0171286 0.0538993 0.0131362
threshold=3.6250000000000004 2.5459248899719777 2.1053398063846536 1.5000000000000002 1.1861060758270312 2.2628069068167647 1.0000000180025095e-35 1.8466462185748147 1.5000000000000002 1.4892545979626397 1.0000000180025095e-35 2.6839461999416314 1.0000000180025095e-35 2.2952371167929049 2.1373539960131342
decision_type=2 2 2 2 2 2 2 2 2 2 2 2 2 2 2
left_child=-1 3 4 -2 -3 10 7 -6 -8 -10 14 -12 -7 -14 -4
right_child=1 2 5 -5 6 12 8 -9 9 -11 11 -13 13 -15 -16
leaf_value=0.0089237331648940824 0.0045182071702530606 0.0018273107981310916 -0.0015054245711218427 0.0018273107981310916 0.0008545342924906503 -0.0083809662179104467 0.0008545342924906503 -0.0015054245711218427 0.0008545342924906503 -0.0015054245711218427 -0.0015054245711218427 -0.0042648038769112244 -0.0042648038769112244 -0.01025977299651833 -0.0042648038769112244
leaf_weight=88 286 416 61 227 1026 78 709 481 187 766 293 64 91 56 210
leaf_count=88 286 416 61 227 1026 78 709 481 187 766 293 64 91 56 210
internal_value=0.000267044 0.000112681 -0.000335778 0.0039904 0.000394883 -0.00340573 -0.000118242 -0.000928415 0.000616406 -0.00101824 -0.0024429 -0.00150542 -0.0060867 -0.0048557 -0.0042648
internal_weight=5039 4951 4438 513 3585 853 3169 1507 1662 953 628 357 225 147 271
internal_count=5039 4951 4438 513 3585 853 3169 1507 1662 953 628 357 225 147 271
is_linear=0
shrinkage=0.190993


Tree=33
num_leaves=16
num_cat=0
split_feature=2 3 2 4 3 4 3 2 4 1 2 2 4 2 1
split_gain=0.154574 0.128952 0.145796 0.13172 0.195961 0.0925031 0.0756393 0.0603 0.0540921 0.25575 0.178625 0.0320829 0.0235758 0.0232168 0.0018173
threshold=0.73637822465860625 2.648847434846537 2.1373539960131342 1.5000000000000002 2.5459248899719777 1.0000000180025095e-35 2.7892244748036159 1.1861060758270312 1.5000000000000002 9.2500000000000018 1.4892545979626397 2.2952371167929049 1.0000000180025095e-35 2.267054319781094 7.9500000000000011
decision_type=2 2 2 2 2 2 2 2 2 2 2 2 2 2 2
left_child=-1 3 7 4 -2 13 11 -3 9 -9 -10 -7 -11 14 -4
right_child=1 2 5 -5 -6 6 -8 8 10 12 -12 -13 -14 -15 -16
leaf_value=0.0096585338498244959 0.0049088296265473773 0.0011659808418897077 -0.0033411764153534547 0.0011659808418897077 0.0011659808418897077 -0.0012256090580133666 -0.0090749568039052101 0.0005359321827229284 0.0005359321827229284 -0.0012256090580133666 -0.0012256090580133666 -0.0051502829309592888 -0.00034483843764521909 -0.0084990273358681919 -0.0047369080478806809
leaf_weight=63 286 362 47 292 120 339 45 1040 186 606 810 51 557 68 167
leaf_count=63 286 362 47 292 120 339 45 1040 186 606 810 51 557 68 167
internal_value=0.000278423 0.000159125 -0.000233662 0.00256562 0.00490883 -0.00271793 -0.00122561 0.000266715 -9.41165e-05 0.000434147 -0.00122561 -0.00122561 -0.00122561 -0.00542256 -0.00443515
internal_weight=5039 4976 4278 698 406 717 435 3561 3199 2203 996 390 1163 282 214
internal_count=5039 4976 4278 698 406 717 435 3561 3199 2203 996 390 1163 282 214
is_linear=0
shrinkage=0.190993


Tree=34
num_leaves=15
num_cat=0
split_feature=0 4 2 0 2 4 4 0 2 3 4 4 3 2
split_gain=0.190356 0.371963 0.185486 0.292924 0.177838 0.178636 0.175474 0.1609 0.148735 0.0692501 0.0587459 0.0280474 0.00614482 0.00209742
threshold=3.7500000000000004 1.0000000180025095e-35 2.2180099634171211 6.5000000000000009 1.54468758040805 1.5000000000000002 1.5000000000000002 5.2500000000000009 1.8416721375224847 2.4533156477664009 1.5000000000000002 1.5000000000000002 2.5409543593687274 2.0251009126861281
decision_type=2 2 2 2 2 2 2 2 2 2 2 2 2 2
left_child=1 -1 3 4 6 8 7 -2 -6 -10 -3 -5 -4 -13
right_child=2 10 12 11 5 -7 -8 -9 9 -11 -12 13 -14 -15
leaf_value=-0.017276550349608188 0.0010813658626052831 -0.0022645484549230952 -0.00065117233110530668 0.00476002453928353 0.0010813658626052831 -0.00065117233110530668 0.0035069077556797485 0.0035069077556797485 0.0002150967657499882 -0.00065117233110530668 -0.0085752518261126478 0.0088235840218761109 -0.0022645484549230952 0.0070965839761700077
leaf_weight=68 558 81 46 167 854 923 352 291 85 977 77 111 404 45
leaf_count=68 558 81 46 167 854 923 352 291 85 977 77 111 404 45
internal_value=0.000315117 -0.00509871 0.000569611 0.000962204 0.000519487 -0.000304744 0.00246748 0.00108137 0.00108137 -0.000651172 -0.00226455 0.00649433 -0.00226455 0.00833904
internal_weight=5039 226 4813 4363 4040 2839 1201 849 1916 1062 158 323 450 156
internal_count=5039 226 4813 4363 4040 2839 1201 849 1916 1062 158 323 450 156
is_linear=0
shrinkage=0.190993


Tree=35
num_leaves=12
num_cat=0
split_feature=3 1 2 2 3 0 2 0 0 2 3
split_gain=0.12598 0.204297 0.184881 0.150597 0.136231 0.127002 0.221204 0.115928 0.0936292 0.0239634 0.0294449
threshold=2.8068575010263705 3.6250000000000004 2.2026245022266471 0.99781759729877506 2.5459248899719777 6.0850000000000009 1.9011856945668908 6.2500000000000009 4.7350000000000003 2.0376256242644835 2.9995652706436862
decision_type=2 2 2 2 2 2 2 2 2 2 2
left_child=1 -1 7 -3 -5 6 8 9 -6 10 -2
right_child=2 3 -4 4 5 -7 -8 -9 -10 -11 -12
leaf_value=0.0097822297669929569 -0.0032635321935436104 0.0050648669406980493 -0.014574346491333141 0.0025913532999583392 -0.00054915938189945782 0.001163436309203346 -0.001310133429485334 -0.001310133429485334 0.00021181466568641832 -0.008060025786372221 -0.0061844611229511714
leaf_weight=85 173 191 45 488 902 428 1378 47 1197 55 50
leaf_count=85 173 191 45 488 902 428 1378 47 1197 55 50
internal_value=0.000250942 0.000519842 -0.00314011 0.000347504 0.00011784 -0.000264481 -0.000739807 -0.00154571 0.000211815 -0.00521693 -0.0043089
internal_weight=5039 4669 370 4584 4393 3905 3477 325 2099 278 223
internal_count=5039 4669 370 4584 4393 3905 3477 325 2099 278 223
is_linear=0
shrinkage=0.190993


Tree=36
num_leaves=12
num_cat=0
split_feature=2 2 4 1 3 2 4 2 4 2 4
split_gain=0.0736584 0.0477893 0.0551891 0.0458388 0.0641389 0.0448575 0.0357958 0.314443 0.0602241 0.17553 0.0273841
threshold=0.73637822465860625 2.2892543937261829 1.5000000000000002 3.6250000000000004 2.6556183184121074 1.1861060758270312 1.0000000180025095e-35 1.8466462185748147 1.5000000000000002 1.4892545979626397 1.5000000000000002
decision_type=2 2 2 2 2 2 2 2 2 2 2
left_child=-1 3 -3 -2 10 -6 7 -7 -8 -10 -5
right_child=1 2 -4 4 5 6 8 -9 9 -11 -12
leaf_value=0.0067458391601199728 0.0034670722020829353 -0.0016621281078741774 -0.0085888681661507871 0.0018335206136009603 0.00087462891697634047 0.0002739688296283372 0.0002739688296283372 -0.0016621281078741774 0.0002739688296283372 -0.0016621281078741774 0.00087462891697634047
leaf_weight=63 80 67 51 402 355 967 860 772 185 964 273
leaf_count=63 80 67 51 402 355 967 860 772 185 964 273
internal_value=0.000270662 0.000188305 -0.0036049 0.000280645 0.000199969 -8.42628e-05 -0.000326691 -0.000961037 0.000222458 -0.0011103 0.00183352
internal_weight=5039 4976 118 4858 4778 4103 3748 1739 2009 1149 675
internal_count=5039 4976 118 4858 4778 4103 3748 1739 2009 1149 675
is_linear=0
shrinkage=0.190993


Tree=37
num_leaves=15
num_cat=0
split_feature=0 4 4 1 0 4 0 0 4 3 3 1 0 3
split_gain=0.113066 0.283736 0.180847 0.265334 0.173236 0.218121 0.113113 0.0568518 0.0330342 0.01726 0.0154694 0.00502905 0.0013057 0.000133419
threshold=6.0850000000000009 1.0000000180025095e-35 1.5000000000000002 9.2500000000000018 3.8500000000000001 1.0000000180025095e-35 4.3500000000000005 3.7500000000000004 1.5000000000000002 2.4934574915226406 2.648847434846537 3.9450000000000007 4.7350000000000003 2.7335982758224788
decision_type=2 2 2 2 2 2 2 2 2 2 2 2 2 2
left_child=2 -2 3 6 -5 9 -1 -4 10 -6 -3 -9 -13 -12
right_child=1 8 7 4 5 -7 -8 11 -10 -11 13 12 -14 -15
leaf_value=2.9558286974225237e-05 0.0013274698897067544 0.011034811710975695 -0.0069370771551920249 -0.012188277855423424 2.9558286974225237e-05 2.9558286974225237e-05 0.0013274698897067544 -3.5769796912208372e-05 0.00480280434662427 -0.0033998970388511808 0.0071589366916403503 -0.001935754251464772 -0.0015220715860470998 0.0063952910437403369
leaf_weight=337 78 45 77 51 45 644 1168 71 361 843 103 478 693 45
leaf_count=337 78 45 77 51 45 644 1168 71 361 843 103 478 693 45
internal_value=0.00030458 0.00269303 -3.80927e-05 0.000761531 -0.00126835 -0.000902666 0.00132747 -0.00190991 0.00588832 -0.0032041 0.00790883 -0.00159675 -0.00169136 0.00693929
internal_weight=5039 632 4407 3088 1583 1532 1505 1319 554 888 193 1242 1171 148
internal_count=5039 632 4407 3088 1583 1532 1505 1319 554 888 193 1242 1171 148
is_linear=0
shrinkage=0.190993


Tree=38
num_leaves=13
num_cat=0
split_feature=3 4 4 0 1 0 0 4 0 3 3 3
split_gain=0.0652424 0.151353 0.0994809 0.331841 0.382943 0.753051 0.118453 0.116206 0.0979163 0.00872911 0.00479745 0.0007486
threshold=2.8267220378773263 1.0000000180025095e-35 1.5000000000000002 7.2000000000000002 9.2500000000000018 4.3500000000000005 6.0850000000000009 1.0000000180025095e-35 5.9500000000000011 2.5145457218898097 2.6111891329724783 2.8816690651178365
decision_type=2 2 2 2 2 2 2 2 2 2 2 2
left_child=2 11 3 4 5 -1 -4 -6 9 -7 -9 -2
right_child=1 -3 6 -5 7 8 -8 10 -10 -11 -12 -13
leaf_value=0.0011741074449344404 -0.0058428688493609455 -0.00082884873123169204 -0.00082884873123169204 0.015965367157521611 -0.00082884873123169204 0.007023960792067842 0.0028173714953211933 0.0011741074449344404 0.0084321577208431257 0.0053995562222045202 0.00050028215895055086 -0.0067985392021649412
leaf_weight=313 64 153 1272 54 831 103 327 94 202 818 680 128
leaf_count=313 64 153 1272 54 831 103 327 94 202 818 680 128
internal_value=0.00034493 -0.00218899 0.000531288 0.00116324 0.000898948 0.00317706 -0.000691904 -0.000828849 0.00661335 0.00561576 0.00117411 -0.00648897
internal_weight=5039 345 4694 3095 3041 1436 1599 1605 1123 921 774 192
internal_count=5039 345 4694 3095 3041 1436 1599 1605 1123 921 774 192
is_linear=0
shrinkage=0.190993


Tree=39
num_leaves=10
num_cat=0
split_feature=1 2 0 0 2 3 0 2 2
split_gain=0.0564363 0.0677557 0.0837801 0.0559702 0.0660946 0.0653052 0.0511805 0.0347217 0.00437775
threshold=3.6250000000000004 2.2628069068167647 3.7500000000000004 6.5000000000000009 1.54468758040805 2.5165348708308275 4.7350000000000003 1.9011856945668908 2.1907517573678876
decision_type=2 2 2 2 2 2 2 2 2
left_child=-1 2 -2 4 6 -6 -4 -7 -5
right_child=1 -3 3 8 5 7 -8 -9 -10
leaf_value=0.0048915860550172909 -0.0014198071982619899 -0.0030232816543161408 0.00053543784749330832 0.0024556067843411926 0.00053543784749330832 1.7384075086394488e-05 0.0013374176175595012 -0.00050066969732051939 0.0013374176175595012
leaf_weight=88 219 253 467 306 295 1256 716 1391 48
leaf_count=88 219 253 467 306 295 1256 716 1391 48
internal_value=0.000104978 1.96275e-05 0.000183667 0.000418468 0.000219228 -0.000266542 0.00133742 -0.00050067 0.00245561
internal_weight=5039 4951 4698 4479 4125 2942 1183 2647 354
internal_count=5039 4951 4698 4479 4125 2942 1183 2647 354
is_linear=0
shrinkage=0.190993


Tree=40
num_leaves=10
num_cat=0
split_feature=1 0 4 3 4 0 0 0 4
split_gain=0.0372345 0.028194 0.276153 0.0169692 0.0392266 0.0908139 0.0558313 0.0293719 0.0248949
threshold=3.6250000000000004 3.7500000000000004 1.0000000180025095e-35 2.8267220378773263 1.5000000000000002 4.2500000000000009 6.0850000000000009 7.2000000000000002 1.0000000180025095e-35
decision_type=2 2 2 2 2 2 2 2 2
left_child=-1 2 -2 4 5 -3 -6 -7 -5
right_child=1 3 -4 8 6 7 -8 -9 -10
leaf_value=0.0039602926540010502 -0.013296300932200215 -0.00039214923153722939 -0.00098844750229499568 -0.00098844750229499568 -0.00039214923153722939 0.00096460831524403069 0.0019816514875112784 0.0019816514875112784 -0.00039214923153722939
leaf_weight=88 68 546 158 188 1127 2337 327 54 146
leaf_count=88 68 546 158 188 1127 2337 327 54 146
internal_value=7.23362e-05 3.01032e-06 -0.00207964 0.000102742 0.000204149 0.000617188 -0.000392149 0.00123166 -0.000988448
internal_weight=5039 4951 226 4725 4391 2937 1454 2391 334
internal_count=5039 4951 226 4725 4391 2937 1454 2391 334
is_linear=0
shrinkage=0.190993


Tree=41
num_leaves=12
num_cat=0
split_feature=2 2 4 0 2 3 2 4 0 4 4
split_gain=0.0447868 0.0296152 0.0365103 0.030695 0.0319475 0.0281609 0.127143 0.0897425 0.0743764 0.00624595 0.00305443
threshold=0.73637822465860625 2.2892543937261829 1.5000000000000002 6.5000000000000009 2.2180099634171211 2.6556183184121074 1.9011856945668908 1.0000000180025095e-35 4.7350000000000003 1.5000000000000002 1.5000000000000002
decision_type=2 2 2 2 2 2 2 2 2 2 2
left_child=-1 3 -3 5 10 9 8 -8 -7 -2 -5
right_child=1 2 -4 4 -6 6 7 -9 -10 -11 -12
leaf_value=0.0050684455407844159 0.00078932163454363471 -0.0015015402441928667 -0.0071032345188945956 0.0016505548365712132 0.00078932163454363471 -0.00062864226035899186 -0.0015015402441928667 -0.00062864226035899186 0.000244255723474883 0.000244255723474883 0.0025117880385987922
leaf_weight=63 350 67 51 166 53 995 658 899 1370 212 155
leaf_count=63 350 67 51 166 53 995 658 899 1370 212 155
internal_value=1.9338e-05 -4.48695e-05 -0.00303091 2.78316e-05 0.0016895 -0.000110861 -0.00030081 -0.00150154 0.000244256 0.000789322 0.00251179
internal_weight=5039 4976 118 4858 374 4484 3922 1557 2365 562 321
internal_count=5039 4976 118 4858 374 4484 3922 1557 2365 562 321
is_linear=0
shrinkage=0.190993


Tree=42
num_leaves=10
num_cat=0
split_feature=2 2 0 2 0 2 1 3 1
split_gain=0.0288042 0.01738 0.0235799 0.0260664 0.0455834 0.0490375 0.0648225 0.0243996 0.00677971
threshold=0.73637822465860625 2.2892543937261829 3.7500000000000004 2.2180099634171211 6.5000000000000009 1.54468758040805 8.7500000000000018 2.5165348708308275 11.021300000000002
decision_type=2 2 2 2 2 2 2 2 2
left_child=-1 2 -2 4 5 6 -4 -7 -6
right_child=1 -3 3 -5 8 7 -8 -9 -10
leaf_value=0.0041046958740795199 -0.0011118934356349234 -0.0022834947574850765 0.0011048207930573443 -0.00047478477024906956 0.0020543558646079095 0.00051784738741374214 0.00051784738741374214 -6.9126018229859938e-05 0.0011048207930573443
leaf_weight=63 221 118 569 333 154 298 575 2541 167
leaf_count=63 221 118 569 333 154 298 575 2541 167
internal_value=5.55103e-05 4.01586e-06 5.97079e-05 0.000162324 0.000336533 0.000155286 0.00110482 -6.9126e-05 0.00205436
internal_weight=5039 4976 4858 4637 4304 3983 1144 2839 321
internal_count=5039 4976 4858 4637 4304 3983 1144 2839 321
is_linear=0
shrinkage=0.190993


Tree=43
num_leaves=11
num_cat=0
split_feature=1 2 4 2 3 4 2 2 4 4
split_gain=0.0242197 0.0258397 0.016061 0.259296 0.0621599 0.0544687 0.26111 0.0249547 0.00168355 0.00134377
threshold=3.6250000000000004 2.2628069068167647 1.0000000180025095e-35 1.8466462185748147 2.8432323311168619 1.5000000000000002 1.4056869485269468 2.180842391041383 1.0000000180025095e-35 1.5000000000000002
decision_type=2 2 2 2 2 2 2 2 2 2
left_child=-1 2 3 4 -2 7 -7 -4 -3 -10
right_child=1 8 5 -5 -6 6 -8 -9 9 -11
leaf_value=0.0031536313361154268 0.0015578311030571012 -0.001258919590917522 0.0015578311030571012 -0.00092688737082737818 0.00031547186611486153 0.0015578311030571012 -0.00092688737082737818 -0.00092688737082737818 -0.0029481603219122595 -0.0018141377096294463
leaf_weight=88 1227 92 919 846 99 296 1219 92 67 94
leaf_count=88 1227 92 919 846 99 296 1219 92 67 94
internal_value=1.79405e-05 -3.79691e-05 6.33359e-05 -0.000317476 0.00155783 0.000390779 -0.000333735 0.00147627 -0.00191711 -0.00229037
internal_weight=5039 4951 4698 2172 1326 2526 1515 1011 253 161
internal_count=5039 4951 4698 2172 1326 2526 1515 1011 253 161
is_linear=0
shrinkage=0.190993


Tree=44
num_leaves=12
num_cat=0
split_feature=1 2 0 0 2 4 4 2 4 4 4
split_gain=0.0166136 0.0156431 0.0295441 0.0158382 0.0200675 0.0509785 0.0398511 0.00893521 0.00604733 0.00110411 0.000882025
threshold=3.6250000000000004 2.2628069068167647 3.7500000000000004 6.5000000000000009 1.54468758040805 1.5000000000000002 1.5000000000000002 1.8416721375224847 1.5000000000000002 1.0000000180025095e-35 1.5000000000000002
decision_type=2 2 2 2 2 2 2 2 2 2 2
left_child=-1 2 -2 4 6 7 -4 -6 -5 -3 -11
right_child=1 9 3 8 5 -7 -8 -9 -10 10 -12
leaf_value=0.002553221735884491 -0.0007817684608033375 -0.0010192052809088299 0.000204797863879744 0.0006364630009116336 0.000204797863879744 -0.00031720574609044847 0.0006364630009116336 -0.00031720574609044847 0.0012315444371874987 -0.0023874284153989865 -0.0014686800805770099
leaf_weight=88 219 92 833 187 853 923 350 1166 167 67 94
leaf_count=88 219 92 833 187 853 923 350 1166 167 67 94
internal_value=-4.38302e-05 -9.01329e-05 -1.13068e-05 0.000147357 4.13816e-05 -0.000226867 0.000636463 0.000204798 0.00123154 -0.00155223 -0.00185451
internal_weight=5039 4951 4698 4479 4125 2942 1183 2019 354 253 161
internal_count=5039 4951 4698 4479 4125 2942 1183 2019 354 253 161
is_linear=0
shrinkage=0.190993


Tree=45
num_leaves=11
num_cat=0
split_feature=3 2 2 4 4 2 1 2 4 2
split_gain=0.0191679 0.120644 0.071016 0.0705368 0.032196 0.409086 0.144888 0.545659 0.10973 0.016659
threshold=2.8068575010263705 2.2026245022266471 0.73637822465860625 1.0000000180025095e-35 1.5000000000000002 1.3414333978311623 9.2500000000000018 1.8211857589222367 1.0000000180025095e-35 1.5569048513364729
decision_type=2 2 2 2 2 2 2 2 2 2
left_child=2 3 -1 9 6 -6 7 -4 -8 -2
right_child=1 -3 4 -5 5 -7 8 -9 -10 -11
leaf_value=0.0069332552641995799 -0.0022131550927008813 -0.010716502009134383 0.0034588213055760492 -0.00064864128386351628 0.0034588213055760492 -0.00064864128386351628 -0.00064864128386351628 0.00057154179546332678 0.00057154179546332678 -0.0056825716464989507
leaf_weight=54 80 45 731 129 231 1351 816 664 822 116
leaf_count=54 80 45 731 129 231 1351 816 664 822 116
internal_value=-3.97289e-05 -0.00136245 6.51668e-05 -0.000648641 -1.56127e-05 -0.000648641 0.000349834 0.00179172 -0.000648641 -0.00434806
internal_weight=5039 370 4669 325 4615 1582 3033 1395 1638 196
internal_count=5039 370 4669 325 4615 1582 3033 1395 1638 196
is_linear=0
shrinkage=0.190993


Tree=46
num_leaves=18
num_cat=0
split_feature=4 1 2 2 1 3 1 2 2 2 4 2 2 2 2 2 2
split_gain=0.0113248 1.16568 0.337264 0.299398 0.435718 0.284763 0.165805 0.11929 0.0795726 0.0409637 0.0259834 0.485923 0.0354632 0.00472163 0.0040029 0.00315106 0.000801223
threshold=1.0000000180025095e-35 17.150000000000002 1.6196146928002504 1.8139142921500564 8.2900000000000009 2.4377389930497086 14.930000000000001 1.0549916474099466 1.8940389123711912 2.2952371167929049 1.5000000000000002 1.3414333978311623 2.180842391041383 1.8416721375224847 1.4892545979626397 2.258517543409793 1.4056869485269468
decision_type=2 2 2 2 2 2 2 2 2 2 2 2 2 2 2 2 2
left_child=1 3 -3 4 -1 -5 13 -6 -4 10 12 -12 -2 -7 16 -14 -13
right_child=9 2 8 5 7 6 -8 -9 -10 -11 11 14 15 -15 -16 -17 -18
leaf_value=0.0074508326656931067 0.0014243139807048339 -0.0067481178426527198 -0.016035815748428588 0.0007037431610076838 0.0040772879133503951 -0.0013867716898681402 -0.0067481178426527198 0.0007037431610076838 -0.025850729326605509 -0.004689340758921255 0.0075144389253714141 8.7441461200782837e-05 -0.00097618906759737033 -0.0025202788765107012 -0.0017111705009350436 -0.0022121817732563397 -0.00094327272063103227
leaf_weight=481 929 72 69 61 87 60 71 564 57 62 251 46 89 749 1272 51 68
leaf_count=481 929 72 69 61 87 60 71 564 57 62 251 46 89 749 1272 51 68
internal_value=-0.000105803 -0.000421885 -0.0144124 0.00091617 0.00300858 -0.00160109 -0.00347729 0.000703743 -0.0205234 0.000153542 0.000264977 -0.000213291 0.000997232 -0.00237474 -0.00161399 -0.00183394 -0.000528168
internal_weight=5039 2271 198 2073 1132 941 880 651 126 2768 2706 1637 1069 809 1386 140 114
internal_count=5039 2271 198 2073 1132 941 880 651 126 2768 2706 1637 1069 809 1386 140 114
is_linear=0
shrinkage=0.190993


Tree=47
num_leaves=13
num_cat=0
split_feature=0 4 2 4 2 0 4 2 3 3 0 2
split_gain=0.0125073 0.184081 0.10656 0.0663555 0.26825 0.121845 0.0254689 0.0506895 0.0251406 0.0207903 0.0146302 0.00273692
threshold=6.0850000000000009 1.0000000180025095e-35 2.2429139290824858 1.5000000000000002 1.4207798376797947 3.5500000000000003 1.5000000000000002 2.0963885118602712 2.8267220378773263 2.6556183184121074 4.2500000000000009 2.0209823936317486
decision_type=2 2 2 2 2 2 2 2 2 2 2 2
left_child=3 -2 6 5 -5 -1 7 -3 10 -6 -7 -8
right_child=1 2 -4 4 9 8 11 -9 -10 -11 -12 -13
leaf_value=-0.0090537002338061581 0.00025924997139950892 0.009458754950814021 0.00025924997139950892 0.00025924997139950892 -0.0015378082325007271 -0.00081188021363779329 0.0045631747893624935 0.002673660026435919 -0.0018830103986750954 -0.0037005167796419574 0.00025924997139950892 0.003379295169091598
leaf_weight=51 78 105 94 304 152 638 184 46 223 863 2176 125
leaf_count=51 78 105 94 304 152 638 184 46 223 863 2176 125
internal_value=-8.09673e-05 0.000713428 0.00377352 -0.000194929 -0.00132942 0.00025925 0.00508807 0.00712368 0.00025925 -0.00333487 0.00025925 0.00408776
internal_weight=5039 632 554 4407 1319 3088 460 151 3037 1015 2814 309
internal_count=5039 632 554 4407 1319 3088 460 151 3037 1015 2814 309
is_linear=0
shrinkage=0.190993


Tree=48
num_leaves=8
num_cat=0
split_feature=1 4 2 3 3 2 4
split_gain=0.0169663 0.0144772 0.160572 0.224799 0.0875936 0.0293985 0.00405179
threshold=3.6250000000000004 1.0000000180025095e-35 1.8466462185748147 2.5269807536572504 2.8432323311168619 2.2952371167929049 1.5000000000000002
decision_type=2 2 2 2 2 2 2
left_child=-1 2 4 -4 -2 6 -3
right_child=1 5 3 -5 -6 -7 -8
leaf_value=0.0026102615204099907 0.0012746259855346998 0.00062378059126942198 -0.00069642676807956489 -0.0042842764681222624 -0.00069642676807956489 -0.003896625259980544 0.00014016106244115999
leaf_weight=88 1227 1059 107 831 99 61 1567
leaf_count=88 1227 1059 107 831 99 61 1567
internal_value=-1.42162e-05 -6.10095e-05 -0.000416786 -0.00232885 0.000935996 0.000238771 0.000335239
internal_weight=5039 4951 2264 938 1326 2687 2626
internal_count=5039 4951 2264 938 1326 2687 2626
is_linear=0
shrinkage=0.190993


Tree=49
num_leaves=13
num_cat=0
split_feature=1 4 0 3 0 0 4 0 0 3 0 0
split_gain=0.0106515 0.00621146 0.196579 0.0969446 0.0904036 0.0691824 0.00761429 0.0891273 0.0325896 0.00697049 0.0124417 0.000344553
threshold=3.6250000000000004 1.0000000180025095e-35 3.8500000000000001 2.8432323311168619 6.0850000000000009 5.2500000000000009 1.5000000000000002 4.2500000000000009 3.7500000000000004 2.6058432056258578 4.660000000000001 4.7350000000000003
decision_type=2 2 2 2 2 2 2 2 2 2 2 2
left_child=-1 2 -2 5 6 9 7 -3 -8 10 -4 -10
right_child=1 4 3 -5 -6 -7 8 -9 11 -11 -12 -13
leaf_value=0.0021133022207726806 -0.010328606054428478 -0.002832315888008574 -0.00029582387809181602 -0.004356216828020904 0.0010550234417240245 0.0010550234417240245 -0.0046231348475906046 0.00026732838380471641 -0.00069837070557680675 -0.00080430249145815381 0.0002126547352745218 -0.00048685722894595919
leaf_weight=88 68 350 62 166 554 871 77 535 478 1041 56 693
leaf_count=88 68 350 62 166 554 871 77 535 478 1041 56 693
internal_value=3.38231e-05 -3.25534e-06 -0.000236298 7.74925e-05 0.000193105 0.000440604 -0.000520367 -9.17922e-05 -0.000824194 -0.000629714 0.000212655 -0.000573344
internal_weight=5039 4951 2264 2196 2687 2030 2133 885 1248 1159 118 1171
internal_count=5039 4951 2264 2196 2687 2030 2133 885 1248 1159 118 1171
is_linear=0
shrinkage=0.190993


Tree=50
num_leaves=4
num_cat=0
split_feature=1 4 4
split_gain=0.00618087 0.00558737 0.00647987
threshold=3.6250000000000004 1.0000000180025095e-35 1.5000000000000002
decision_type=2 2 2
left_child=-1 -2 -3
right_child=1 2 -4
leaf_value=0.0017109572636730777 -0.00012240260685613167 0.00064715133584624957 4.2060514644371248e-05
leaf_weight=88 2264 1078 1609
leaf_count=88 2264 1078 1609
internal_value=0.000126881 9.86298e-05 0.00028486
internal_weight=5039 4951 2687
internal_count=5039 4951 2687
is_linear=0
shrinkage=0.190993


Tree=51
num_leaves=4
num_cat=0
split_feature=1 4 4
split_gain=0.00405173 0.00365726 0.00424155
threshold=3.6250000000000004 1.0000000180025095e-35 1.5000000000000002
decision_type=2 2 2
left_child=-1 -2 -3
right_child=1 2 -4
leaf_value=0.0013852136803691277 -9.9027357152750705e-05 0.00052358193437248527 3.4028677984415876e-05
leaf_weight=88 2264 1078 1609
leaf_count=88 2264 1078 1609
internal_value=0.000102672 7.97984e-05 0.000230467
internal_weight=5039 4951 2687
internal_count=5039 4951 2687
is_linear=0
shrinkage=0.190993


Tree=52
num_leaves=2
num_cat=0
split_feature=1
split_gain=0.00265602
threshold=3.6250000000000004
decision_type=2
left_child=-1
right_child=-2
leaf_value=0.0011214873670645571 6.4562330588787285e-05
leaf_weight=88 4951
leaf_count=88 4951
internal_value=8.30818e-05
internal_weight=5039
internal_count=5039
is_linear=0
shrinkage=0.190993


Tree=53
num_leaves=11
num_cat=0
split_feature=4 2 2 2 4 2 2 2 2 2
split_gain=0.00241328 0.315278 0.0131566 0.00855902 0.00701197 0.08298 0.0210151 0.0031474 0.000445274 0.00014638
threshold=1.5000000000000002 1.3414333978311623 0.73637822465860625 2.2928096513219685 1.0000000180025095e-35 1.8466462185748147 2.180842391041383 1.4892545979626397 2.258517543409793 1.4056869485269468
decision_type=2 2 2 2 2 2 2 2 2 2
left_child=2 -2 -1 7 5 -4 -6 9 -8 -3
right_child=1 3 4 -5 6 -7 8 -9 -10 -11
leaf_value=0.0032584443957599145 0.0061194046367705332 9.3864087188562882e-05 0.00091326721274349756 -0.0037729531115065838 0.00086468738604711382 -0.0014461081620455768 -0.0012202534506436282 -0.0012170822389470184 -0.0018755263198995283 -0.00034642977590837687
leaf_weight=49 251 46 1293 46 920 938 89 1269 70 68
leaf_count=49 251 46 1293 46 920 938 89 1269 70 68
internal_value=6.72263e-05 -0.000119656 0.000160698 -0.00121652 0.000114568 -7.87635e-05 0.000514227 -0.00113074 -0.00151154 -0.000168965
internal_weight=5039 1680 3359 1429 3310 2231 1079 1383 159 114
internal_count=5039 1680 3359 1429 3310 2231 1079 1383 159 114
is_linear=0
shrinkage=0.190993


Tree=54
num_leaves=4
num_cat=0
split_feature=1 4 4
split_gain=0.00230176 0.00178853 0.00140655
threshold=3.6250000000000004 1.0000000180025095e-35 1.5000000000000002
decision_type=2 2 2
left_child=-1 -2 -3
right_child=1 2 -4
leaf_value=0.0010210751590292923 -8.7891071490377192e-05 0.00031132015068312724 2.9404435430429426e-05
leaf_weight=88 2264 1078 1609
leaf_count=88 2264 1078 1609
internal_value=5.44011e-05 3.71622e-05 0.000142527
internal_weight=5039 4951 2687
internal_count=5039 4951 2687
is_linear=0
shrinkage=0.190993


Tree=55
num_leaves=5
num_cat=0
split_feature=4 1 4 4
split_gain=0.00164766 0.0610567 0.100873 0.0365919
threshold=1.5000000000000002 9.2500000000000018 1.0000000180025095e-35 1.0000000180025095e-35
decision_type=2 2 2 2
left_child=1 3 -3 -1
right_child=-2 2 -4 -5
leaf_value=0.0015081975752113228 -0.00011039312846521866 -0.0021169037773906803 0.00018127482340974085 0.00018127482340974085
leaf_weight=1347 1680 924 879 209
leaf_count=1347 1680 924 879 209
internal_value=4.40244e-05 0.000121259 -0.000635159 0.000997709
internal_weight=5039 3359 1803 1556
internal_count=5039 3359 1803 1556
is_linear=0
shrinkage=0.190993


Tree=56
num_leaves=4
num_cat=0
split_feature=1 4 4
split_gain=0.00148387 0.00122424 0.000525915
threshold=3.6250000000000004 1.0000000180025095e-35 1.5000000000000002
decision_type=2 2 2
left_child=-1 -2 -3
right_child=1 2 -4
leaf_value=0.00081687018733778009 -7.6586446270408948e-05 0.00021726219974121122 4.4870031079167711e-05
leaf_weight=88 2264 1078 1609
leaf_count=88 2264 1078 1609
internal_value=4.0716e-05 2.68748e-05 0.000114048
internal_weight=5039 4951 2687
internal_count=5039 4951 2687
is_linear=0
shrinkage=0.190993


Tree=57
num_leaves=3
num_cat=0
split_feature=4 4
split_gain=0.0012981 0.000705105
threshold=1.5000000000000002 1.0000000180025095e-35
decision_type=2 2
left_child=1 -1
right_child=-2 -3
leaf_value=4.0924699753369462e-05 -0.00010411104472466111 0.00022790965815306847
leaf_weight=2271 1680 1088
leaf_count=2271 1680 1088
internal_value=3.29502e-05 0.000101504
internal_weight=5039 3359
internal_count=5039 3359
is_linear=0
shrinkage=0.190993


Tree=58
num_leaves=4
num_cat=0
split_feature=1 4 4
split_gain=0.00102518 0.000824978 0.000102378
threshold=3.6250000000000004 1.0000000180025095e-35 1.5000000000000002
decision_type=2 2 2
left_child=-1 -2 -3
right_child=1 2 -4
leaf_value=0.00067179077985176988 -6.9776038359787762e-05 0.0001322594761384226 5.6182706541123844e-05
leaf_weight=88 2264 1078 1609
leaf_count=88 2264 1078 1609
internal_value=2.66587e-05 1.51545e-05 8.6715e-05
internal_weight=5039 4951 2687
internal_count=5039 4951 2687
is_linear=0
shrinkage=0.190993


Tree=59
num_leaves=2
num_cat=0
split_feature=1
split_gain=0.000671996
threshold=3.6250000000000004
decision_type=2
left_child=-1
right_child=-2
leaf_value=0.00054389053276018178 1.2261329289413326e-05
leaf_weight=88 4951
leaf_count=88 4951
internal_value=2.15755e-05
internal_weight=5039
internal_count=5039
is_linear=0
shrinkage=0.190993


Tree=60
num_leaves=5
num_cat=0
split_feature=4 1 4 4
split_gain=0.00106283 0.0346874 0.0651761 0.0294412
threshold=1.5000000000000002 9.2500000000000018 1.0000000180025095e-35 1.0000000180025095e-35
decision_type=2 2 2 2
left_child=1 3 -3 -1
right_child=-2 2 -4 -5
leaf_value=0.001235844036321491 -0.00010655865987363495 -0.0016949209899551785 0.00012472983633647589 0.00012472983633647589
leaf_weight=1347 1680 924 879 209
leaf_count=1347 1680 924 879 209
internal_value=1.74607e-05 7.94928e-05 -0.000490646 0.000740106
internal_weight=5039 3359 1803 1556
internal_count=5039 3359 1803 1556
is_linear=0
shrinkage=0.190993


Tree=61
num_leaves=6
num_cat=0
split_feature=4 1 1 4 4
split_gain=0.000712966 0.0197329 0.0128889 0.0435387 0.021941
threshold=1.5000000000000002 4.9000000000000012 9.2500000000000018 1.0000000180025095e-35 1.0000000180025095e-35
decision_type=2 2 2 2 2
left_child=1 -1 4 -4 -3
right_child=-2 2 3 -5 -6
leaf_value=0.0037477842475697114 -8.6210028660837039e-05 0.00092443391301937506 -0.0013713003405311881 4.2191558638946466e-05 4.2191558638946466e-05
leaf_weight=52 1680 1305 924 879 199
leaf_count=52 1680 1305 924 879 199
internal_value=1.53662e-05 6.61727e-05 7.96905e-06 -0.000336385 0.000420768
internal_weight=5039 3359 3307 1803 1504
internal_count=5039 3359 3307 1803 1504
is_linear=0
shrinkage=0.190993


Tree=62
num_leaves=6
num_cat=0
split_feature=4 1 1 4 4
split_gain=0.000485177 0.0129273 0.0050224 0.0301496 0.0161282
threshold=1.5000000000000002 4.9000000000000012 9.2500000000000018 1.0000000180025095e-35 1.0000000180025095e-35
decision_type=2 2 2 2 2
left_child=1 -1 4 -4 -3
right_child=-2 2 3 -5 -6
leaf_value=0.0030358215508698647 -6.9747316405868325e-05 0.00074791096551547255 -0.0011094705249383038 3.0210242653227217e-05 3.0210242653227217e-05
leaf_weight=52 1680 1305 924 879 199
leaf_count=52 1680 1305 924 879 199
internal_value=1.40457e-05 5.59573e-05 8.84756e-06 -0.000206111 0.000266531
internal_weight=5039 3359 3307 1803 1504
internal_count=5039 3359 3307 1803 1504
is_linear=0
shrinkage=0.190993


Tree=63
num_leaves=10
num_cat=0
split_feature=4 0 0 0 0 1 1 4 4
split_gain=0.000334347 0.100963 0.100212 0.0643043 0.0214474 0.0086865 0.00210978 0.0272478 0.0126974
threshold=1.5000000000000002 7.2000000000000002 6.0850000000000009 3.5500000000000003 3.7500000000000004 4.9000000000000012 9.2500000000000018 1.0000000180025095e-35 1.0000000180025095e-35
decision_type=2 2 2 2 2 2 2 2 2
left_child=1 3 4 -1 -2 -5 8 -8 -7
right_child=2 -3 -4 5 -6 6 7 -9 -10
leaf_value=-0.0067994076779722377 -0.0039156339157789587 0.0080693528716985121 0.0027619448300961308 0.0024591094039757224 -0.00063596757842228357 0.00060509555700753509 -0.0010768406862048541 -1.3503195766729964e-05 -1.3503195766729964e-05
leaf_weight=51 77 56 361 52 1242 1305 915 781 199
leaf_count=51 77 56 361 52 1242 1305 915 781 199
internal_value=1.31313e-05 4.79235e-05 -5.64283e-05 -8.87472e-05 -0.000828219 1.70707e-05 -2.28242e-05 -0.000168852 0.000141845
internal_weight=5039 3359 1680 3303 1319 3252 3200 1696 1504
internal_count=5039 3359 1680 3303 1319 3252 3200 1696 1504
is_linear=0
shrinkage=0.190993


Tree=64
num_leaves=6
num_cat=0
split_feature=4 1 1 4 4
split_gain=0.000261358 0.00550976 5.16474e-05 0.0123639 0.00793413
threshold=1.5000000000000002 4.9000000000000012 9.2500000000000018 1.0000000180025095e-35 1.0000000180025095e-35
decision_type=2 2 2 2 2
left_child=1 -1 4 -4 -3
right_child=-2 2 3 -5 -6
leaf_value=0.0019919548417687127 -4.5707772714022401e-05 0.00048955112943200804 -0.00068138336597158011 1.7962449943705736e-05 1.7962449943705736e-05
leaf_weight=52 1680 1305 924 879 199
leaf_count=52 1680 1305 924 879 199
internal_value=1.57927e-05 4.65536e-05 1.57971e-05 -6.00243e-06 4.19273e-05
internal_weight=5039 3359 3307 1803 1504
internal_count=5039 3359 3307 1803 1504
is_linear=0
shrinkage=0.190993


Tree=65
num_leaves=4
num_cat=0
split_feature=4 1 4
split_gain=0.000177422 0.00360914 2.18798e-05
threshold=1.5000000000000002 4.9000000000000012 1.0000000180025095e-35
decision_type=2 2 2
left_child=1 -1 -3
right_child=-2 2 -4
leaf_value=0.0016135451307791866 -3.6979383534343613e-05 3.3380371559239387e-06 3.6479226941654983e-05
leaf_weight=52 1680 2229 1078
leaf_count=52 1680 2229 1078
internal_value=1.36921e-05 3.90366e-05 1.41437e-05
internal_weight=5039 3359 3307
internal_count=5039 3359 3307
is_linear=0
shrinkage=0.190993


Tree=66
num_leaves=4
num_cat=0
split_feature=4 1 4
split_gain=0.000116226 0.00236819 1.43218e-05
threshold=1.5000000000000002 4.9000000000000012 1.0000000180025095e-35
decision_type=2 2 2
left_child=1 -1 -3
right_child=-2 2 -4
leaf_value=0.0013070214387861585 -2.9917756845593082e-05 2.7005862101864995e-06 2.9513720701781061e-05
leaf_weight=52 1680 2229 1078
leaf_count=52 1680 2229 1078
internal_value=1.10942e-05 3.16073e-05 1.1443e-05
internal_weight=5039 3359 3307
internal_count=5039 3359 3307
is_linear=0
shrinkage=0.190993


Tree=67
num_leaves=4
num_cat=0
split_feature=4 1 4
split_gain=7.61375e-05 0.00155392 9.37477e-06
threshold=1.5000000000000002 4.9000000000000012 1.0000000180025095e-35
decision_type=2 2 2
left_child=1 -1 -3
right_child=-2 2 -4
leaf_value=0.0010587278028737807 -2.4204676773373651e-05 2.1848360716696548e-06 2.387838354862973e-05
leaf_weight=52 1680 2229 1078
leaf_count=52 1680 2229 1078
internal_value=8.98922e-06 2.5592e-05 9.2581e-06
internal_weight=5039 3359 3307
internal_count=5039 3359 3307
is_linear=0
shrinkage=0.190993


Tree=68
num_leaves=2
num_cat=0
split_feature=1
split_gain=3.03453e-07
threshold=3.6250000000000004
decision_type=2
left_child=-1
right_child=-2
leaf_value=1.8396593781868924e-05 7.0849253021802488e-06
leaf_weight=88 4951
leaf_count=88 4951
internal_value=7.28367e-06
internal_weight=5039
internal_count=5039
is_linear=0
shrinkage=0.190993


Tree=69
num_leaves=4
num_cat=0
split_feature=4 1 4
split_gain=5.00752e-05 0.00101796 6.13677e-06
threshold=1.5000000000000002 4.9000000000000012 1.0000000180025095e-35
decision_type=2 2 2
left_child=1 -1 -3
right_child=-2 2 -4
leaf_value=0.00085555409861098907 -2.1026702330775536e-05 4.1462796633456878e-07 1.7966173749154435e-05
leaf_weight=52 1680 2229 1078
leaf_count=52 1680 2229 1078
internal_value=5.89286e-06 1.93576e-05 6.13732e-06
internal_weight=5039 3359 3307
internal_count=5039 3359 3307
is_linear=0
shrinkage=0.190993


Tree=70
num_leaves=3
num_cat=0
split_feature=4 4
split_gain=3.28034e-05 2.03764e-05
threshold=1.5000000000000002 1.0000000180025095e-35
decision_type=2 2
left_child=1 -1
right_child=-2 -3
leaf_value=5.3759558270294859e-06 -1.7011458878421e-05 3.7162732538782252e-05
leaf_weight=2271 1680 1088
leaf_count=2271 1680 1088
internal_value=4.77643e-06 1.56744e-05
internal_weight=5039 3359
internal_count=5039 3359
is_linear=0
shrinkage=0.190993


Tree=71
num_leaves=3
num_cat=0
split_feature=4 4
split_gain=2.14716e-05 1.33379e-05
threshold=1.5000000000000002 1.0000000180025095e-35
decision_type=2 2
left_child=1 -1
right_child=-2 -3
leaf_value=4.3492416972150123e-06 -1.3762901736150249e-05 3.0066757113732402e-05
leaf_weight=2271 1680 1088
leaf_count=2271 1680 1088
internal_value=3.86442e-06 1.26814e-05
internal_weight=5039 3359
internal_count=5039 3359
is_linear=0
shrinkage=0.190993


Tree=72
num_leaves=3
num_cat=0
split_feature=4 4
split_gain=1.40543e-05 8.73058e-06
threshold=1.5000000000000002 1.0000000180025095e-35
decision_type=2 2
left_child=1 -1
right_child=-2 -3
leaf_value=3.5186911986212982e-06 -1.1134669199081605e-05 2.4325651508182024e-05
leaf_weight=2271 1680 1088
leaf_count=2271 1680 1088
internal_value=3.12658e-06 1.02599e-05
internal_weight=5039 3359
internal_count=5039 3359
is_linear=0
shrinkage=0.190993


Tree=73
num_leaves=3
num_cat=0
split_feature=4 4
split_gain=9.19944e-06 5.71483e-06
threshold=1.5000000000000002 1.0000000180025095e-35
decision_type=2 2
left_child=1 -1
right_child=-2 -3
leaf_value=2.8467211804726676e-06 -9.0084352067565284e-06 1.9680890660381451e-05
leaf_weight=2271 1680 1088
leaf_count=2271 1680 1088
internal_value=2.52959e-06 8.30087e-06
internal_weight=5039 3359
internal_count=5039 3359
is_linear=0
shrinkage=0.190993


Tree=74
num_leaves=3
num_cat=0
split_feature=4 4
split_gain=6.02158e-06 3.74073e-06
threshold=1.5000000000000002 1.0000000180025095e-35
decision_type=2 2
left_child=1 -1
right_child=-2 -3
leaf_value=2.3031237900447607e-06 -7.2881297382344323e-06 1.592296157528865e-05
leaf_weight=2271 1680 1088
leaf_count=2271 1680 1088
internal_value=2.04664e-06 6.71591e-06
internal_weight=5039 3359
internal_count=5039 3359
is_linear=0
shrinkage=0.190993


Tree=75
num_leaves=3
num_cat=0
split_feature=4 4
split_gain=3.94142e-06 2.44856e-06
threshold=1.5000000000000002 1.0000000180025095e-35
decision_type=2 2
left_child=1 -1
right_child=-2 -3
leaf_value=1.8632410553581871e-06 -5.8963307041547175e-06 1.2882541593052369e-05
leaf_weight=2271 1680 1088
leaf_count=2271 1680 1088
internal_value=1.65585e-06 5.43351e-06
internal_weight=5039 3359
internal_count=5039 3359
is_linear=0
shrinkage=0.190993


Tree=76
num_leaves=3
num_cat=0
split_feature=4 4
split_gain=2.57993e-06 1.6027e-06
threshold=1.5000000000000002 1.0000000180025095e-35
decision_type=2 2
left_child=1 -1
right_child=-2 -3
leaf_value=1.5074639154789366e-06 -4.7703731364537344e-06 1.0422659634733091e-05
leaf_weight=2271 1680 1088
leaf_count=2271 1680 1088
internal_value=1.33969e-06 4.39605e-06
internal_weight=5039 3359
internal_count=5039 3359
is_linear=0
shrinkage=0.190993


Tree=77
num_leaves=3
num_cat=0
split_feature=4 4
split_gain=1.68873e-06 1.04907e-06
threshold=1.5000000000000002 1.0000000180025095e-35
decision_type=2 2
left_child=1 -1
right_child=-2 -3
leaf_value=1.2195693862323056e-06 -3.8594184722109687e-06 8.4325259079622e-06
leaf_weight=2271 1680 1088
leaf_count=2271 1680 1088
internal_value=1.08389e-06 3.55667e-06
internal_weight=5039 3359
internal_count=5039 3359
is_linear=0
shrinkage=0.190993


Tree=78
num_leaves=3
num_cat=0
split_feature=4 4
split_gain=1.1054e-06 6.86699e-07
threshold=1.5000000000000002 1.0000000180025095e-35
decision_type=2 2
left_child=1 -1
right_child=-2 -3
leaf_value=9.8663847085339565e-07 -3.1224275692172541e-06 6.8224820234891429e-06
leaf_weight=2271 1680 1088
leaf_count=2271 1680 1088
internal_value=8.76941e-07 2.87759e-06
internal_weight=5039 3359
internal_count=5039 3359
is_linear=0
shrinkage=0.190993


Tree=79
num_leaves=3
num_cat=0
split_feature=4 4
split_gain=7.2354e-07 4.49459e-07
threshold=1.5000000000000002 1.0000000180025095e-35
decision_type=2 2
left_child=1 -1
right_child=-2 -3
leaf_value=7.9821923138933449e-07 -2.5261136248685884e-06 5.519682114505151e-06
leaf_weight=2271 1680 1088
leaf_count=2271 1680 1088
internal_value=7.09499e-07 2.32814e-06
internal_weight=5039 3359
internal_count=5039 3359
is_linear=0
shrinkage=0.190993


Tree=80
num_leaves=3
num_cat=0
split_feature=4 4
split_gain=4.73649e-07 2.94177e-07
threshold=1.5000000000000002 1.0000000180025095e-35
decision_type=2 2
left_child=1 -1
right_child=-2 -3
leaf_value=6.4580423083702273e-07 -2.0438739013974983e-06 4.4656833678883747e-06
leaf_weight=2271 1680 1088
leaf_count=2271 1680 1088
internal_value=5.73978e-07 1.88363e-06
internal_weight=5039 3359
internal_count=5039 3359
is_linear=0
shrinkage=0.190993


Tree=81
num_leaves=3
num_cat=0
split_feature=4 4
split_gain=3.10041e-07 1.92554e-07
threshold=1.5000000000000002 1.0000000180025095e-35
decision_type=2 2
left_child=1 -1
right_child=-2 -3
leaf_value=5.2253015151742794e-07 -1.653490466424793e-06 3.6130929971057238e-06
leaf_weight=2271 1680 1088
leaf_count=2271 1680 1088
internal_value=4.6446e-07 1.52408e-06
internal_weight=5039 3359
internal_count=5039 3359
is_linear=0
shrinkage=0.190993


Tree=82
num_leaves=3
num_cat=0
split_feature=4 4
split_gain=2.02948e-07 1.2602e-07
threshold=1.5000000000000002 1.0000000180025095e-35
decision_type=2 2
left_child=1 -1
right_child=-2 -3
leaf_value=4.2269631615112314e-07 -1.3378005180948356e-06 2.923057487202291e-06
leaf_weight=2271 1680 1088
leaf_count=2271 1680 1088
internal_value=3.75706e-07 1.23303e-06
internal_weight=5039 3359
internal_count=5039 3359
is_linear=0
shrinkage=0.190993


Tree=83
num_leaves=3
num_cat=0
split_feature=4 4
split_gain=1.32835e-07 8.24843e-08
threshold=1.5000000000000002 1.0000000180025095e-35
decision_type=2 2
left_child=1 -1
right_child=-2 -3
leaf_value=3.4196036163326974e-07 -1.0822188293081277e-06 2.3649490747657884e-06
leaf_weight=2271 1680 1088
leaf_count=2271 1680 1088
internal_value=3.04009e-07 9.97638e-07
internal_weight=5039 3359
internal_count=5039 3359
is_linear=0
shrinkage=0.190993


Tree=84
num_leaves=3
num_cat=0
split_feature=4 4
split_gain=8.69634e-08 5.39839e-08
threshold=1.5000000000000002 1.0000000180025095e-35
decision_type=2 2
left_child=1 -1
right_child=-2 -3
leaf_value=2.7670796306782846e-07 -8.7558410184379184e-07 1.9134181493301758e-06
leaf_weight=2271 1680 1088
leaf_count=2271 1680 1088
internal_value=2.45986e-07 8.0724e-07
internal_weight=5039 3359
internal_count=5039 3359
is_linear=0
shrinkage=0.190993


Tree=85
num_leaves=3
num_cat=0
split_feature=4 4
split_gain=5.69303e-08 3.53361e-08
threshold=1.5000000000000002 1.0000000180025095e-35
decision_type=2 2
left_child=1 -1
right_child=-2 -3
leaf_value=2.2380301215232718e-07 -7.0843127264079324e-07 1.548106857932178e-06
leaf_weight=2271 1680 1088
leaf_count=2271 1680 1088
internal_value=1.98983e-07 6.53123e-07
internal_weight=5039 3359
internal_count=5039 3359
is_linear=0
shrinkage=0.190993


Tree=86
num_leaves=3
num_cat=0
split_feature=4 4
split_gain=3.72695e-08 2.31233e-08
threshold=1.5000000000000002 1.0000000180025095e-35
decision_type=2 2
left_child=1 -1
right_child=-2 -3
leaf_value=1.8111615883533951e-07 -5.7311573861256902e-07 1.2525166833997823e-06
leaf_weight=2271 1680 1088
leaf_count=2271 1680 1088
internal_value=1.61027e-07 5.28502e-07
internal_weight=5039 3359
internal_count=5039 3359
is_linear=0
shrinkage=0.190993


Tree=87
num_leaves=3
num_cat=0
split_feature=4 4
split_gain=2.44e-08 1.513e-08
threshold=1.5000000000000002 1.0000000180025095e-35
decision_type=2 2
left_child=1 -1
right_child=-2 -3
leaf_value=1.4655880160962714e-07 -4.6367852958471531e-07 1.0133344055175207e-06
leaf_weight=2271 1680 1088
leaf_count=2271 1680 1088
internal_value=1.30288e-07 4.27651e-07
internal_weight=5039 3359
internal_count=5039 3359
is_linear=0
shrinkage=0.190993


Tree=88
num_leaves=3
num_cat=0
split_feature=4 4
split_gain=1.59696e-08 9.90248e-09
threshold=1.5000000000000002 1.0000000180025095e-35
decision_type=2 2
left_child=1 -1
right_child=-2 -3
leaf_value=1.1851243032628112e-07 -3.7505774942759558e-07 8.1985851333386528e-07
leaf_weight=2271 1680 1088
leaf_count=2271 1680 1088
internal_value=1.05414e-07 3.46009e-07
internal_weight=5039 3359
internal_count=5039 3359
is_linear=0
shrinkage=0.190993


Tree=89
num_leaves=3
num_cat=0
split_feature=4 4
split_gain=1.04588e-08 6.47721e-09
threshold=1.5000000000000002 1.0000000180025095e-35
decision_type=2 2
left_child=1 -1
right_child=-2 -3
leaf_value=9.5862933287360134e-08 -3.0356883194870793e-07 6.6320621754571967e-07
leaf_weight=2271 1680 1088
leaf_count=2271 1680 1088
internal_value=8.52116e-08 2.79946e-07
internal_weight=5039 3359
internal_count=5039 3359
is_linear=0
shrinkage=0.190993


Tree=90
num_leaves=3
num_cat=0
split_feature=4 4
split_gain=6.84981e-09 4.23734e-09
threshold=1.5000000000000002 1.0000000180025095e-35
decision_type=2 2
left_child=1 -1
right_child=-2 -3
leaf_value=7.7636975837492535e-08 -2.4558497023437469e-07 5.3663611336795715e-07
leaf_weight=2271 1680 1088
leaf_count=2271 1680 1088
internal_value=6.89968e-08 2.26619e-07
internal_weight=5039 3359
internal_count=5039 3359
is_linear=0
shrinkage=0.190993


Tree=91
num_leaves=3
num_cat=0
split_feature=4 4
split_gain=4.48509e-09 2.77209e-09
threshold=1.5000000000000002 1.0000000180025095e-35
decision_type=2 2
left_child=1 -1
right_child=-2 -3
leaf_value=6.2798399589816724e-08 -1.9868508836411052e-07 4.3416949990881385e-07
leaf_weight=2271 1680 1088
leaf_count=2271 1680 1088
internal_value=5.58183e-08 1.83391e-07
internal_weight=5039 3359
internal_count=5039 3359
is_linear=0
shrinkage=0.190993


Tree=92
num_leaves=3
num_cat=0
split_feature=4 4
split_gain=2.93486e-09 1.81263e-09
threshold=1.5000000000000002 1.0000000180025095e-35
decision_type=2 2
left_child=1 -1
right_child=-2 -3
leaf_value=5.0772603571441106e-08 -1.60668286421318e-07 3.5119459380244873e-07
leaf_weight=2271 1680 1088
leaf_count=2271 1680 1088
internal_value=4.51551e-08 1.48379e-07
internal_weight=5039 3359
internal_count=5039 3359
is_linear=0
shrinkage=0.190993


Tree=93
num_leaves=3
num_cat=0
split_feature=4 4
split_gain=1.92378e-09 1.18652e-09
threshold=1.5000000000000002 1.0000000180025095e-35
decision_type=2 2
left_child=1 -1
right_child=-2 -3
leaf_value=4.1061515757027201e-08 -1.3006623518552986e-07 2.8424184023320221e-07
leaf_weight=2271 1680 1088
leaf_count=2271 1680 1088
internal_value=3.65229e-08 1.20123e-07
internal_weight=5039 3359
internal_count=5039 3359
is_linear=0
shrinkage=0.190993


Tree=94
num_leaves=3
num_cat=0
split_feature=4 4
split_gain=1.26089e-09 7.75469e-10
threshold=1.5000000000000002 1.0000000180025095e-35
decision_type=2 2
left_child=1 -1
right_child=-2 -3
leaf_value=3.3290107593164362e-08 -1.0522721371962896e-07 2.3000579059367979e-07
leaf_weight=2271 1680 1088
leaf_count=2271 1680 1088
internal_value=2.95897e-08 9.72982e-08
internal_weight=5039 3359
internal_count=5039 3359
is_linear=0
shrinkage=0.190993


Tree=95
num_leaves=3
num_cat=0
split_feature=4 4
split_gain=8.24823e-10 5.06156e-10
threshold=1.5000000000000002 1.0000000180025095e-35
decision_type=2 2
left_child=1 -1
right_child=-2 -3
leaf_value=2.687287511811066e-08 -8.5102368237175527e-08 1.859205519443884e-07
leaf_weight=2271 1680 1088
leaf_count=2271 1680 1088
internal_value=2.38871e-08 7.86774e-08
internal_weight=5039 3359
internal_count=5039 3359
is_linear=0
shrinkage=0.190993


Tree=96
num_leaves=3
num_cat=0
split_feature=4 4
split_gain=5.40168e-10 3.31015e-10
threshold=1.5000000000000002 1.0000000180025095e-35
decision_type=2 2
left_child=1 -1
right_child=-2 -3
leaf_value=2.1754958309852932e-08 -6.877493161483155e-08 1.5049528815880432e-07
leaf_weight=2271 1680 1088
leaf_count=2271 1680 1088
internal_value=1.93741e-08 6.37406e-08
internal_weight=5039 3359
internal_count=5039 3359
is_linear=0
shrinkage=0.190993


Tree=97
num_leaves=3
num_cat=0
split_feature=4 4
split_gain=3.54613e-10 2.16623e-10
threshold=1.5000000000000002 1.0000000180025095e-35
decision_type=2 2
left_child=1 -1
right_child=-2 -3
leaf_value=1.7628711778171481e-08 -5.5660378809578909e-08 1.2189520101311218e-07
leaf_weight=2271 1680 1088
leaf_count=2271 1680 1088
internal_value=1.57107e-08 5.16854e-08
internal_weight=5039 3359
internal_count=5039 3359
is_linear=0
shrinkage=0.190993


Tree=98
num_leaves=3
num_cat=0
split_feature=4 4
split_gain=2.32067e-10 1.41302e-10
threshold=1.5000000000000002 1.0000000180025095e-35
decision_type=2 2
left_child=1 -1
right_child=-2 -3
leaf_value=1.4234578309708519e-08 -4.4982670281950786e-08 9.8566345841580204e-08
leaf_weight=2271 1680 1088
leaf_count=2271 1680 1088
internal_value=1.27032e-08 4.18329e-08
internal_weight=5039 3359
internal_count=5039 3359
is_linear=0
shrinkage=0.190993


Tree=99
num_leaves=3
num_cat=0
split_feature=4 4
split_gain=1.52781e-10 9.19052e-11
threshold=1.5000000000000002 1.0000000180025095e-35
decision_type=2 2
left_child=1 -1
right_child=-2 -3
leaf_value=1.156547769195138e-08 -3.6501597862820264e-08 7.9701333788256785e-08
leaf_weight=2271 1680 1088
leaf_count=2271 1680 1088
internal_value=1.0254e-08 3.39167e-08
internal_weight=5039 3359
internal_count=5039 3359
is_linear=0
shrinkage=0.190993


Tree=100
num_leaves=3
num_cat=0
split_feature=4 4
split_gain=1.00339e-10 6.00225e-11
threshold=1.5000000000000002 1.0000000180025095e-35
decision_type=2 2
left_child=1 -1
right_child=-2 -3
leaf_value=9.3435929584980128e-09 -2.9544736560693154e-08 6.4528507111757163e-08
leaf_weight=2271 1680 1088
leaf_count=2271 1680 1088
internal_value=8.29555e-09 2.7499e-08
internal_weight=5039 3359
internal_count=5039 3359
is_linear=0
shrinkage=0.190993


Tree=101
num_leaves=3
num_cat=0
split_feature=4 4
split_gain=6.55179e-11 3.93546e-11
threshold=1.5000000000000002 1.0000000180025095e-35
decision_type=2 2
left_child=1 -1
right_child=-2 -3
leaf_value=7.4503128064010645e-09 -2.3829306288696859e-08 5.2252873413145555e-08
leaf_weight=2271 1680 1088
leaf_count=2271 1680 1088
internal_value=6.69691e-09 2.22421e-08
internal_weight=5039 3359
internal_count=5039 3359
is_linear=0
shrinkage=0.190993


Tree=102
num_leaves=3
num_cat=0
split_feature=4 4
split_gain=4.33113e-11 2.54737e-11
threshold=1.5000000000000002 1.0000000180025095e-35
decision_type=2 2
left_child=1 -1
right_child=-2 -3
leaf_value=6.1039123803478089e-09 -1.933555524837464e-08 4.2277380095188455e-08
leaf_weight=2271 1680 1088
leaf_count=2271 1680 1088
internal_value=5.43415e-09 1.81001e-08
internal_weight=5039 3359
internal_count=5039 3359
is_linear=0
shrinkage=0.190993


Tree=103
num_leaves=3
num_cat=0
split_feature=4 4
split_gain=2.8395e-11 1.64421e-11
threshold=1.5000000000000002 1.0000000180025095e-35
decision_type=2 2
left_child=1 -1
right_child=-2 -3
leaf_value=4.916098435666386e-09 -1.5639191734441242e-08 3.4104501203907634e-08
leaf_weight=2271 1680 1088
leaf_count=2271 1680 1088
internal_value=4.36627e-09 1.46493e-08
internal_weight=5039 3359
internal_count=5039 3359
is_linear=0
shrinkage=0.190993


Tree=104
num_leaves=3
num_cat=0
split_feature=4 4
split_gain=1.86343e-11 1.06438e-11
threshold=1.5000000000000002 1.0000000180025095e-35
decision_type=2 2
left_child=1 -1
right_child=-2 -3
leaf_value=3.9753014316448764e-09 -1.2610693323347535e-08 2.758697837342229e-08
leaf_weight=2271 1680 1088
leaf_count=2271 1680 1088
internal_value=3.54453e-09 1.19018e-08
internal_weight=5039 3359
internal_count=5039 3359
is_linear=0
shrinkage=0.190993


Tree=105
num_leaves=3
num_cat=0
split_feature=4 4
split_gain=1.22888e-11 6.89771e-12
threshold=1.5000000000000002 1.0000000180025095e-35
decision_type=2 2
left_child=1 -1
right_child=-2 -3
leaf_value=3.2226085180914126e-09 -1.0182762062868143e-08 2.2358768796231141e-08
leaf_weight=2271 1680 1088
leaf_count=2271 1680 1088
internal_value=2.88576e-09 9.69911e-09
internal_weight=5039 3359
internal_count=5039 3359
is_linear=0
shrinkage=0.190993


Tree=106
num_leaves=3
num_cat=0
split_feature=4 4
split_gain=8.1886e-12 4.47902e-12
threshold=1.5000000000000002 1.0000000180025095e-35
decision_type=2 2
left_child=1 -1
right_child=-2 -3
leaf_value=2.5795083858436883e-09 -8.315390688330322e-09 1.8126096361201848e-08
leaf_weight=2271 1680 1088
leaf_count=2271 1680 1088
internal_value=2.30447e-09 7.89307e-09
internal_weight=5039 3359
internal_count=5039 3359
is_linear=0
shrinkage=0.190993


Tree=107
num_leaves=3
num_cat=0
split_feature=4 4
split_gain=5.36547e-12 2.805e-12
threshold=1.5000000000000002 1.0000000180025095e-35
decision_type=2 2
left_child=1 -1
right_child=-2 -3
leaf_value=2.056062131908133e-09 -6.7349602422032827e-09 1.4498919598579933e-08
leaf_weight=2271 1680 1088
leaf_count=2271 1680 1088
internal_value=1.8122e-09 6.36409e-09
internal_weight=5039 3359
internal_count=5039 3359
is_linear=0
shrinkage=0.190993


Tree=108
num_leaves=3
num_cat=0
split_feature=4 4
split_gain=3.55666e-12 1.83702e-12
threshold=1.5000000000000002 1.0000000180025095e-35
decision_type=2 2
left_child=1 -1
right_child=-2 -3
leaf_value=1.6552408513384566e-09 -5.4033007306306382e-09 1.1852033408613483e-08
leaf_weight=2271 1680 1088
leaf_count=2271 1680 1088
internal_value=1.50394e-09 5.2356e-09
internal_weight=5039 3359
internal_count=5039 3359
is_linear=0
shrinkage=0.190993


Tree=109
num_leaves=3
num_cat=0
split_feature=4 4
split_gain=2.34231e-12 1.12283e-12
threshold=1.5000000000000002 1.0000000180025095e-35
decision_type=2 2
left_child=1 -1
right_child=-2 -3
leaf_value=1.3456277836696806e-09 -4.3542538301978267e-09 9.474950206168555e-09
leaf_weight=2271 1680 1088
leaf_count=2271 1680 1088
internal_value=1.20083e-09 4.25617e-09
internal_weight=5039 3359
internal_count=5039 3359
is_linear=0
shrinkage=0.190993


Tree=110
num_leaves=3
num_cat=0
split_feature=4 4
split_gain=1.60314e-12 7.37301e-13
threshold=1.5000000000000002 1.0000000180025095e-35
decision_type=2 2
left_child=1 -1
right_child=-2 -3
leaf_value=1.1048883214387362e-09 -3.5380949620494383e-09 7.8286910097921452e-09
leaf_weight=2271 1680 1088
leaf_count=2271 1680 1088
internal_value=1.00894e-09 3.56008e-09
internal_weight=5039 3359
internal_count=5039 3359
is_linear=0
shrinkage=0.190993


Tree=111
num_leaves=3
num_cat=0
split_feature=4 4
split_gain=1.08076e-12 4.49752e-13
threshold=1.5000000000000002 1.0000000180025095e-35
decision_type=2 2
left_child=1 -1
right_child=-2 -3
leaf_value=9.0803491893031383e-10 -2.8624474066407964e-09 6.3289853127666041e-09
leaf_weight=2271 1680 1088
leaf_count=2271 1680 1088
internal_value=8.21625e-10 2.94113e-09
internal_weight=5039 3359
internal_count=5039 3359
is_linear=0
shrinkage=0.190993


Tree=112
num_leaves=3
num_cat=0
split_feature=4 4
split_gain=7.3437e-13 2.71751e-13
threshold=1.5000000000000002 1.0000000180025095e-35
decision_type=2 2
left_child=1 -1
right_child=-2 -3
leaf_value=7.3017547746954323e-10 -2.3326406139564193e-09 5.1194675476177061e-09
leaf_weight=2271 1680 1088
leaf_count=2271 1680 1088
internal_value=6.56911e-10 2.42904e-09
internal_weight=5039 3359
internal_count=5039 3359
is_linear=0
shrinkage=0.190993


Tree=113
num_leaves=3
num_cat=0
split_feature=4 4
split_gain=4.90969e-13 1.41859e-13
threshold=1.5000000000000002 1.0000000180025095e-35
decision_type=2 2
left_child=1 -1
right_child=-2 -3
leaf_value=5.9514483620641522e-10 -1.8934187572364182e-09 4.0140733813541312e-09
leaf_weight=2271 1680 1088
leaf_count=2271 1680 1088
internal_value=5.03783e-10 1.97964e-09
internal_weight=5039 3359
internal_count=5039 3359
is_linear=0
shrinkage=0.190993


Tree=114
num_leaves=3
num_cat=0
split_feature=4 4
split_gain=3.27225e-13 7.44608e-14
threshold=1.5000000000000002 1.0000000180025095e-35
decision_type=2 2
left_child=1 -1
right_child=-2 -3
leaf_value=4.8634255218432363e-10 -1.4792826976812909e-09 3.2281395388737895e-09
leaf_weight=2271 1680 1088
leaf_count=2271 1680 1088
internal_value=4.23102e-10 1.65146e-09
internal_weight=5039 3359
internal_count=5039 3359
is_linear=0
shrinkage=0.190993


Tree=115
num_leaves=3
num_cat=0
split_feature=4 4
split_gain=2.34406e-13 3.93473e-14
threshold=1.5000000000000002 1.0000000180025095e-35
decision_type=2 2
left_child=1 -1
right_child=-2 -3
leaf_value=4.062110906945397e-10 -1.2013680909854469e-09 2.6854382803731651e-09
leaf_weight=2271 1680 1088
leaf_count=2271 1680 1088
internal_value=3.62451e-10 1.42147e-09
internal_weight=5039 3359
internal_count=5039 3359
is_linear=0
shrinkage=0.190993


Tree=116
num_leaves=3
num_cat=0
split_feature=4 4
split_gain=1.67868e-13 1.13112e-14
threshold=1.5000000000000002 1.0000000180025095e-35
decision_type=2 2
left_child=1 -1
right_child=-2 -3
leaf_value=3.5878125367566454e-10 -9.6594807373398349e-10 2.1774619139292412e-09
leaf_weight=2271 1680 1088
leaf_count=2271 1680 1088
internal_value=3.09869e-10 1.22483e-09
internal_weight=5039 3359
internal_count=5039 3359
is_linear=0
shrinkage=0.190993


Tree=117
num_leaves=2
num_cat=0
split_feature=4
split_gain=1.19173e-13
threshold=1.5000000000000002
decision_type=2
left_child=-1
right_child=-2
leaf_value=1.0447830221818301e-09 -7.7355153842614053e-10
leaf_weight=3359 1680
leaf_count=3359 1680
internal_value=2.53995e-10
internal_weight=5039
internal_count=5039
is_linear=0
shrinkage=0.190993


Tree=118
num_leaves=3
num_cat=0
split_feature=4 4
split_gain=8.24227e-14 4.37904e-15
threshold=1.5000000000000002 1.0000000180025095e-35
decision_type=2 2
left_child=1 -1
right_child=-2 -3
leaf_value=1.0875161284184892e-10 -6.6309653719126884e-10 1.5231184802238906e-09
leaf_weight=2271 1680 1088
leaf_count=2271 1680 1088
internal_value=1.56847e-10 8.43802e-10
internal_weight=5039 3359
internal_count=5039 3359
is_linear=0
shrinkage=0.190993


Tree=119
num_leaves=2
num_cat=0
split_feature=4
split_gain=5.79889e-14
threshold=1.5000000000000002
decision_type=2
left_child=-1
right_child=-2
leaf_value=7.3288060809488495e-10 -4.9341177884647422e-10
leaf_weight=3359 1680
leaf_count=3359 1680
internal_value=1.39484e-10
internal_weight=5039
internal_count=5039
is_linear=0
shrinkage=0.190993


Tree=120
num_leaves=3
num_cat=0
split_feature=4 4
split_gain=4.02115e-14 3.88916e-15
threshold=1.5000000000000002 1.0000000180025095e-35
decision_type=2 2
left_child=1 -1
right_child=-2 -3
leaf_value=0 -4.0388628196188853e-10 1.1220213321790933e-09
leaf_weight=2271 1680 1088
leaf_count=2271 1680 1088
internal_value=8.38612e-11 6.0466e-10
internal_weight=5039 3359
internal_count=5039 3359
is_linear=0
shrinkage=0.190993


Tree=121
num_leaves=2
num_cat=0
split_feature=4
split_gain=3.18385e-14
threshold=1.5000000000000002
decision_type=2
left_child=-1
right_child=-2
leaf_value=5.4796904923160859e-10 -3.2623088608643027e-10
leaf_weight=3359 1680
leaf_count=3359 1680
internal_value=7.19629e-11
internal_weight=5039
internal_count=5039
is_linear=0
shrinkage=0.190993


Tree=122
num_leaves=3
num_cat=0
split_feature=4 4
split_gain=2.171e-14 2.05048e-15
threshold=1.5000000000000002 1.0000000180025095e-35
decision_type=2 2
left_child=1 -1
right_child=-2 -3
leaf_value=0 -2.4947448340358096e-10 8.4028158320482311e-10
leaf_weight=2271 1680 1088
leaf_count=2271 1680 1088
internal_value=3.51781e-11 4.54395e-10
internal_weight=5039 3359
internal_count=5039 3359
is_linear=0
shrinkage=0.190993


Tree=123
num_leaves=2
num_cat=0
split_feature=4
split_gain=1.73871e-14
threshold=1.5000000000000002
decision_type=2
left_child=-1
right_child=-2
leaf_value=4.1331025963949252e-10 -1.9487449988356193e-10
leaf_weight=3359 1680
leaf_count=3359 1680
internal_value=2.59958e-11
internal_weight=5039
internal_count=5039
is_linear=0
shrinkage=0.190993


Tree=124
num_leaves=3
num_cat=0
split_feature=4 4
split_gain=1.12226e-14 1.4767e-15
threshold=1.5000000000000002 1.0000000180025095e-35
decision_type=2 2
left_child=1 -1
right_child=-2 -3
leaf_value=0 -1.6088726414274413e-10 6.2105276920678743e-10
leaf_weight=2271 1680 1088
leaf_count=2271 1680 1088
internal_value=0 3.30029e-10
internal_weight=5039 3359
internal_count=5039 3359
is_linear=0
shrinkage=0.190993


Tree=125
num_leaves=2
num_cat=0
split_feature=4
split_gain=8.79713e-15
threshold=1.5000000000000002
decision_type=2
left_child=-1
right_child=-2
leaf_value=2.9428766897155485e-10 -1.3356349496388686e-10
leaf_weight=3359 1680
leaf_count=3359 1680
internal_value=0
internal_weight=5039
internal_count=5039
is_linear=0
shrinkage=0.190993


Tree=126
num_leaves=3
num_cat=0
split_feature=4 4
split_gain=5.69937e-15 3.92522e-16
threshold=1.5000000000000002 1.0000000180025095e-35
decision_type=2 2
left_child=1 -1
right_child=-2 -3
leaf_value=0 -1.0708992357895978e-10 4.318446293373474e-10
leaf_weight=2271 1680 1088
leaf_count=2271 1680 1088
internal_value=0 2.36967e-10
internal_weight=5039 3359
internal_count=5039 3359
is_linear=0
shrinkage=0.190993


Tree=127
num_leaves=2
num_cat=0
split_feature=4
split_gain=4.57279e-15
threshold=1.5000000000000002
decision_type=2
left_child=-1
right_child=-2
leaf_value=2.180815728549239e-10 -6.4739652728976612e-11
leaf_weight=3359 1680
leaf_count=3359 1680
internal_value=0
internal_weight=5039
internal_count=5039
is_linear=0
shrinkage=0.190993


Tree=128
num_leaves=2
num_cat=0
split_feature=4
split_gain=2.99483e-15
threshold=1.5000000000000002
decision_type=2
left_child=-1
right_child=-2
leaf_value=1.7815089564038271e-10 -3.9570324457889891e-11
leaf_weight=3359 1680
leaf_count=3359 1680
internal_value=0
internal_weight=5039
internal_count=5039
is_linear=0
shrinkage=0.190993


Tree=129
num_leaves=3
num_cat=0
split_feature=4 4
split_gain=1.72529e-15 3.41164e-16
threshold=1.5000000000000002 1.0000000180025095e-35
decision_type=2 2
left_child=1 -1
right_child=-2 -3
leaf_value=0 -3.8358296377146043e-11 2.5883309647118715e-10
leaf_weight=2271 1680 1088
leaf_count=2271 1680 1088
internal_value=0 1.3416e-10
internal_weight=5039 3359
internal_count=5039 3359
is_linear=0
shrinkage=0.190993


Tree=130
num_leaves=3
num_cat=0
split_feature=4 4
split_gain=1.33753e-15 5.25372e-17
threshold=1.5000000000000002 1.0000000180025095e-35
decision_type=2 2
left_child=1 -1
right_child=-2 -3
leaf_value=0 -1.7420108099976436e-11 2.147687228927278e-10
leaf_weight=2271 1680 1088
leaf_count=2271 1680 1088
internal_value=0 1.19885e-10
internal_weight=5039 3359
internal_count=5039 3359
is_linear=0
shrinkage=0.190993


Tree=131
num_leaves=2
num_cat=0
split_feature=4
split_gain=1.03506e-15
threshold=1.5000000000000002
decision_type=2
left_child=-1
right_child=-2
leaf_value=1.0556696360068985e-10 -1.3805526914789813e-11
leaf_weight=3359 1680
leaf_count=3359 1680
internal_value=0
internal_weight=5039
internal_count=5039
is_linear=0
shrinkage=0.190993


Tree=132
num_leaves=3
num_cat=0
split_feature=4 4
split_gain=5.30399e-16 1.42183e-16
threshold=1.5000000000000002 1.0000000180025095e-35
decision_type=2 2
left_child=1 -1
right_child=-2 -3
leaf_value=0 -1.1154034573019232e-11 1.4950727613116811e-10
leaf_weight=2271 1680 1088
leaf_count=2271 1680 1088
internal_value=0 7.5481e-11
internal_weight=5039 3359
internal_count=5039 3359
is_linear=0
shrinkage=0.190993


Tree=133
num_leaves=3
num_cat=0
split_feature=4 4
split_gain=4.41619e-16 6.22923e-17
threshold=1.5000000000000002 1.0000000180025095e-35
decision_type=2 2
left_child=1 -1
right_child=-2 -3
leaf_value=0 -7.6924559091138184e-12 1.2961267370992098e-10
leaf_weight=2271 1680 1088
leaf_count=2271 1680 1088
internal_value=0 6.90359e-11
internal_weight=5039 3359
internal_count=5039 3359
is_linear=0
shrinkage=0.190993


Tree=134
num_leaves=3
num_cat=0
split_feature=4 4
split_gain=4.1944e-16 4.33056e-17
threshold=1.5000000000000002 1.0000000180025095e-35
decision_type=2 2
left_child=1 -1
right_child=-2 -3
leaf_value=0 -7.4765982980089768e-12 1.2419592765915524e-10
leaf_weight=2271 1680 1088
leaf_count=2271 1680 1088
internal_value=0 6.72811e-11
internal_weight=5039 3359
internal_count=5039 3359
is_linear=0
shrinkage=0.190993


Tree=135
num_leaves=2
num_cat=0
split_feature=4
split_gain=3.07199e-16
threshold=1.5000000000000002
decision_type=2
left_child=-1
right_child=-2
leaf_value=5.7531508108925022e-11 -7.2111182475696903e-12
leaf_weight=3359 1680
leaf_count=3359 1680
internal_value=0
internal_weight=5039
internal_count=5039
is_linear=0
shrinkage=0.190993


Tree=136
num_leaves=2
num_cat=0
split_feature=4
split_gain=1.34145e-16
threshold=1.5000000000000002
decision_type=2
left_child=-1
right_child=-2
leaf_value=3.7827200284266123e-11 -7.1805177433134489e-12
leaf_weight=3359 1680
leaf_count=3359 1680
internal_value=0
internal_weight=5039
internal_count=5039
is_linear=0
shrinkage=0.190993


Tree=137
num_leaves=3
num_cat=0
split_feature=4 4
split_gain=1.09073e-16 1.20575e-17
threshold=1.5000000000000002 1.0000000180025095e-35
decision_type=2 2
left_child=1 -1
right_child=-2 -3
leaf_value=0 -6.3294929087276953e-12 6.3232634411710971e-11
leaf_weight=2271 1680 1088
leaf_count=2271 1680 1088
internal_value=0 3.41231e-11
internal_weight=5039 3359
internal_count=5039 3359
is_linear=0
shrinkage=0.190993


Tree=138
num_leaves=2
num_cat=0
split_feature=4
split_gain=8.26765e-17
threshold=1.5000000000000002
decision_type=2
left_child=-1
right_child=-2
leaf_value=2.9893684675824138e-11 -2.8815604156392533e-12
leaf_weight=3359 1680
leaf_count=3359 1680
internal_value=0
internal_weight=5039
internal_count=5039
is_linear=0
shrinkage=0.190993


Tree=139
num_leaves=2
num_cat=0
split_feature=4
split_gain=5.41131e-17
threshold=1.5000000000000002
decision_type=2
left_child=-1
right_child=-2
leaf_value=2.4155144237806247e-11 -2.878252253016957e-12
leaf_weight=3359 1680
leaf_count=3359 1680
internal_value=0
internal_weight=5039
internal_count=5039
is_linear=0
shrinkage=0.190993


Tree=140
num_leaves=2
num_cat=0
split_feature=4
split_gain=4.77504e-17
threshold=1.5000000000000002
decision_type=2
left_child=-1
right_child=-2
leaf_value=2.268410546923707e-11 -2.8116754802432412e-12
leaf_weight=3359 1680
leaf_count=3359 1680
internal_value=0
internal_weight=5039
internal_count=5039
is_linear=0
shrinkage=0.190993


Tree=141
num_leaves=3
num_cat=0
split_feature=4 4
split_gain=3.08723e-17 6.69691e-18
threshold=1.5000000000000002 1.0000000180025095e-35
decision_type=2 2
left_child=1 -1
right_child=-2 -3
leaf_value=0 -1.0645520953429456e-12 3.5461914677610647e-11
leaf_weight=2271 1680 1088
leaf_count=2271 1680 1088
internal_value=0 1.82942e-11
internal_weight=5039 3359
internal_count=5039 3359
is_linear=0
shrinkage=0.190993


Tree=142
num_leaves=2
num_cat=0
split_feature=4
split_gain=1.70264e-17
threshold=1.5000000000000002
decision_type=2
left_child=-1
right_child=-2
leaf_value=1.3576571855958386e-11 -1.0645520953429456e-12
leaf_weight=3359 1680
leaf_count=3359 1680
internal_value=0
internal_weight=5039
internal_count=5039
is_linear=0
shrinkage=0.190993


Tree=143
num_leaves=2
num_cat=0
split_feature=4
split_gain=1.28716e-17
threshold=1.5000000000000002
decision_type=2
left_child=-1
right_child=-2
leaf_value=1.1798584053002725e-11 -1.0641385750151586e-12
leaf_weight=3359 1680
leaf_count=3359 1680
internal_value=0
internal_weight=5039
internal_count=5039
is_linear=0
shrinkage=0.190993


Tree=144
num_leaves=2
num_cat=0
split_feature=4
split_gain=1.00053e-17
threshold=1.5000000000000002
decision_type=2
left_child=-1
right_child=-2
leaf_value=1.0396215823123785e-11 -1.0641385750151586e-12
leaf_weight=3359 1680
leaf_count=3359 1680
internal_value=0
internal_weight=5039
internal_count=5039
is_linear=0
shrinkage=0.190993


Tree=145
num_leaves=3
num_cat=0
split_feature=4 4
split_gain=5.76072e-19 1.81981e-18
threshold=1.5000000000000002 1.0000000180025095e-35
decision_type=2 2
left_child=1 -1
right_child=-2 -3
leaf_value=0 -8.4910800456589144e-13 8.899172728523141e-12
leaf_weight=2271 1680 1088
leaf_count=2271 1680 1088
internal_value=0 2.42795e-12
internal_weight=5039 3359
internal_count=5039 3359
is_linear=0
shrinkage=0.190993


Tree=146
num_leaves=3
num_cat=0
split_feature=4 4
split_gain=5.70168e-19 1.80406e-18
threshold=1.5000000000000002 1.0000000180025095e-35
decision_type=2 2
left_child=1 -1
right_child=-2 -3
leaf_value=0 -8.4910800456589144e-13 8.858310900700297e-12
leaf_weight=2271 1680 1088
leaf_count=2271 1680 1088
internal_value=0 2.41471e-12
internal_weight=5039 3359
internal_count=5039 3359
is_linear=0
shrinkage=0.190993


Tree=147
num_leaves=3
num_cat=0
split_feature=4 4
split_gain=5.68298e-19 1.79916e-18
threshold=1.5000000000000002 1.0000000180025095e-35
decision_type=2 2
left_child=1 -1
right_child=-2 -3
leaf_value=0 -8.4869448423810429e-13 8.8455415795056588e-12
leaf_weight=2271 1680 1088
leaf_count=2271 1680 1088
internal_value=0 2.41058e-12
internal_weight=5039 3359
internal_count=5039 3359
is_linear=0
shrinkage=0.190993


Tree=148
num_leaves=3
num_cat=0
split_feature=4 4
split_gain=5.20187e-19 1.69099e-18
threshold=1.5000000000000002 1.0000000180025095e-35
decision_type=2 2
left_child=1 -1
right_child=-2 -3
leaf_value=0 -7.4283328032461901e-13 8.5595087847457522e-12
leaf_weight=2271 1680 1088
leaf_count=2271 1680 1088
internal_value=0 2.31791e-12
internal_weight=5039 3359
internal_count=5039 3359
is_linear=0
shrinkage=0.190993


Tree=149
num_leaves=3
num_cat=0
split_feature=4 4
split_gain=4.83183e-19 1.65974e-18
threshold=1.5000000000000002 1.0000000180025095e-35
decision_type=2 2
left_child=1 -1
right_child=-2 -3
leaf_value=0 0 8.4752312648611361e-12
leaf_weight=2271 1680 1088
leaf_count=2271 1680 1088
internal_value=0 2.29061e-12
internal_weight=5039 3359
internal_count=5039 3359
is_linear=0
shrinkage=0.190993


Tree=150
num_leaves=3
num_cat=0
split_feature=4 4
split_gain=1.91639e-19 8.31964e-19
threshold=1.5000000000000002 1.0000000180025095e-35
decision_type=2 2
left_child=1 -1
right_child=-2 -3
leaf_value=0 0 5.857520419960195e-12
leaf_weight=2271 1680 1088
leaf_count=2271 1680 1088
internal_value=0 1.44257e-12
internal_weight=5039 3359
internal_count=5039 3359
is_linear=0
shrinkage=0.190993


Tree=151
num_leaves=3
num_cat=0
split_feature=4 4
split_gain=1.91639e-19 8.31964e-19
threshold=1.5000000000000002 1.0000000180025095e-35
decision_type=2 2
left_child=1 -1
right_child=-2 -3
leaf_value=0 0 5.857520419960195e-12
leaf_weight=2271 1680 1088
leaf_count=2271 1680 1088
internal_value=0 1.44257e-12
internal_weight=5039 3359
internal_count=5039 3359
is_linear=0
shrinkage=0.190993


Tree=152
num_leaves=3
num_cat=0
split_feature=4 4
split_gain=1.91639e-19 8.31964e-19
threshold=1.5000000000000002 1.0000000180025095e-35
decision_type=2 2
left_child=1 -1
right_child=-2 -3
leaf_value=0 0 5.857520419960195e-12
leaf_weight=2271 1680 1088
leaf_count=2271 1680 1088
internal_value=0 1.44257e-12
internal_weight=5039 3359
internal_count=5039 3359
is_linear=0
shrinkage=0.190993


Tree=153
num_leaves=3
num_cat=0
split_feature=4 4
split_gain=1.91419e-19 8.31291e-19
threshold=1.5000000000000002 1.0000000180025095e-35
decision_type=2 2
left_child=1 -1
right_child=-2 -3
leaf_value=0 0 5.8549665557212671e-12
leaf_weight=2271 1680 1088
leaf_count=2271 1680 1088
internal_value=0 1.44174e-12
internal_weight=5039 3359
internal_count=5039 3359
is_linear=0
shrinkage=0.190993


Tree=154
num_leaves=3
num_cat=0
split_feature=4 4
split_gain=1.91419e-19 8.31291e-19
threshold=1.5000000000000002 1.0000000180025095e-35
decision_type=2 2
left_child=1 -1
right_child=-2 -3
leaf_value=0 0 5.8549665557212671e-12
leaf_weight=2271 1680 1088
leaf_count=2271 1680 1088
internal_value=0 1.44174e-12
internal_weight=5039 3359
internal_count=5039 3359
is_linear=0
shrinkage=0.190993


Tree=155
num_leaves=3
num_cat=0
split_feature=4 4
split_gain=1.90322e-19 8.27932e-19
threshold=1.5000000000000002 1.0000000180025095e-35
decision_type=2 2
left_child=1 -1
right_child=-2 -3
leaf_value=0 0 5.8421972345266289e-12
leaf_weight=2271 1680 1088
leaf_count=2271 1680 1088
internal_value=0 1.43761e-12
internal_weight=5039 3359
internal_count=5039 3359
is_linear=0
shrinkage=0.190993


Tree=156
num_leaves=3
num_cat=0
split_feature=4 4
split_gain=1.90322e-19 8.27932e-19
threshold=1.5000000000000002 1.0000000180025095e-35
decision_type=2 2
left_child=1 -1
right_child=-2 -3
leaf_value=0 0 5.8421972345266289e-12
leaf_weight=2271 1680 1088
leaf_count=2271 1680 1088
internal_value=0 1.43761e-12
internal_weight=5039 3359
internal_count=5039 3359
is_linear=0
shrinkage=0.190993


Tree=157
num_leaves=3
num_cat=0
split_feature=4 4
split_gain=1.90322e-19 8.27932e-19
threshold=1.5000000000000002 1.0000000180025095e-35
decision_type=2 2
left_child=1 -1
right_child=-2 -3
leaf_value=0 0 5.8421972345266289e-12
leaf_weight=2271 1680 1088
leaf_count=2271 1680 1088
internal_value=0 1.43761e-12
internal_weight=5039 3359
internal_count=5039 3359
is_linear=0
shrinkage=0.190993


Tree=158
num_leaves=3
num_cat=0
split_feature=4 4
split_gain=2.5364e-21 1.07088e-19
threshold=1.5000000000000002 1.0000000180025095e-35
decision_type=2 2
left_child=1 -1
right_child=-2 -3
leaf_value=0 0 1.9169078992946809e-12
leaf_weight=2271 1680 1088
leaf_count=2271 1680 1088
internal_value=0 1.6596e-13
internal_weight=5039 3359
internal_count=5039 3359
is_linear=0
shrinkage=0.190993


Tree=159
num_leaves=3
num_cat=0
split_feature=4 4
split_gain=2.5364e-21 1.07088e-19
threshold=1.5000000000000002 1.0000000180025095e-35
decision_type=2 2
left_child=1 -1
right_child=-2 -3
leaf_value=0 0 1.9169078992946809e-12
leaf_weight=2271 1680 1088
leaf_count=2271 1680 1088
internal_value=0 1.6596e-13
internal_weight=5039 3359
internal_count=5039 3359
is_linear=0
shrinkage=0.190993


Tree=160
num_leaves=3
num_cat=0
split_feature=4 4
split_gain=2.5364e-21 1.07088e-19
threshold=1.5000000000000002 1.0000000180025095e-35
decision_type=2 2
left_child=1 -1
right_child=-2 -3
leaf_value=0 0 1.9169078992946809e-12
leaf_weight=2271 1680 1088
leaf_count=2271 1680 1088
internal_value=0 1.6596e-13
internal_weight=5039 3359
internal_count=5039 3359
is_linear=0
shrinkage=0.190993


Tree=161
num_leaves=3
num_cat=0
split_feature=4 4
split_gain=2.5364e-21 1.07088e-19
threshold=1.5000000000000002 1.0000000180025095e-35
decision_type=2 2
left_child=1 -1
right_child=-2 -3
leaf_value=0 0 1.9169078992946809e-12
leaf_weight=2271 1680 1088
leaf_count=2271 1680 1088
internal_value=0 1.6596e-13
internal_weight=5039 3359
internal_count=5039 3359
is_linear=0
shrinkage=0.190993


Tree=162
num_leaves=3
num_cat=0
split_feature=4 4
split_gain=1.17609e-21 9.05506e-20
threshold=1.5000000000000002 1.0000000180025095e-35
decision_type=2 2
left_child=1 -1
right_child=-2 -3
leaf_value=0 0 1.7534605880033051e-12
leaf_weight=2271 1680 1088
leaf_count=2271 1680 1088
internal_value=0 1.13009e-13
internal_weight=5039 3359
internal_count=5039 3359
is_linear=0
shrinkage=0.190993


end of trees

feature_importances:
fm_encoded=378
log_epi_dist=307
Mw=255
ev_depth_km=113
log_vs30=103

parameters:
[boosting: gbdt]
[objective: regression]
[metric: l2]
[tree_learner: serial]
[device_type: cpu]
[data_sample_strategy: bagging]
[data: ]
[valid: ]
[num_iterations: 191]
[learning_rate: 0.190993]
[num_leaves: 104]
[num_threads: 16]
[seed: 42]
[deterministic: 0]
[force_col_wise: 0]
[force_row_wise: 0]
[histogram_pool_size: -1]
[max_depth: 10]
[min_data_in_leaf: 45]
[min_sum_hessian_in_leaf: 0.001]
[bagging_fraction: 0.687642]
[pos_bagging_fraction: 1]
[neg_bagging_fraction: 1]
[bagging_freq: 0]
[bagging_seed: 400]
[bagging_by_query: 0]
[feature_fraction: 0.72912]
[feature_fraction_bynode: 1]
[feature_fraction_seed: 30056]
[extra_trees: 0]
[extra_seed: 12879]
[early_stopping_round: 0]
[early_stopping_min_delta: 0]
[first_metric_only: 0]
[max_delta_step: 0]
[lambda_l1: 4.86918e-06]
[lambda_l2: 0.280413]
[linear_lambda: 0]
[min_gain_to_split: 0]
[drop_rate: 0.1]
[max_drop: 50]
[skip_drop: 0.5]
[xgboost_dart_mode: 0]
[uniform_drop: 0]
[drop_seed: 17869]
[top_rate: 0.2]
[other_rate: 0.1]
[min_data_per_group: 100]
[max_cat_threshold: 32]
[cat_l2: 10]
[cat_smooth: 10]
[max_cat_to_onehot: 4]
[top_k: 20]
[monotone_constraints: 1,-1,-1,-1,0]
[monotone_constraints_method: basic]
[monotone_penalty: 0]
[feature_contri: ]
[forcedsplits_filename: ]
[refit_decay_rate: 0.9]
[cegb_tradeoff: 1]
[cegb_penalty_split: 0]
[cegb_penalty_feature_lazy: ]
[cegb_penalty_feature_coupled: ]
[path_smooth: 0]
[interaction_constraints: ]
[verbosity: -1]
[saved_feature_importance_type: 0]
[use_quantized_grad: 0]
[num_grad_quant_bins: 4]
[quant_train_renew_leaf: 0]
[stochastic_rounding: 1]
[linear_tree: 0]
[max_bin: 255]
[max_bin_by_feature: ]
[min_data_in_bin: 3]
[bin_construct_sample_cnt: 200000]
[data_random_seed: 175]
[is_enable_sparse: 1]
[enable_bundle: 1]
[use_missing: 1]
[zero_as_missing: 0]
[feature_pre_filter: 1]
[pre_partition: 0]
[two_round: 0]
[header: 0]
[label_column: ]
[weight_column: ]
[group_column: ]
[ignore_column: ]
[categorical_feature: ]
[forcedbins_filename: ]
[precise_float_parser: 0]
[parser_config_file: ]
[objective_seed: 16083]
[num_class: 1]
[is_unbalance: 0]
[scale_pos_weight: 1]
[sigmoid: 1]
[boost_from_average: 1]
[reg_sqrt: 0]
[alpha: 0.9]
[fair_c: 1]
[poisson_max_delta_step: 0.7]
[tweedie_variance_power: 1.5]
[lambdarank_truncation_level: 30]
[lambdarank_norm: 1]
[label_gain: ]
[lambdarank_position_bias_regularization: 0]
[eval_at: ]
[multi_error_top_k: 1]
[auc_mu_weights: ]
[num_machines: 1]
[local_listen_port: 12400]
[time_out: 120]
[machine_list_filename: ]
[machines: ]
[gpu_platform_id: -1]
[gpu_device_id: -1]
[gpu_use_dp: 0]
[num_gpu: 1]

end of parameters

pandas_categorical:[]
